DATE,贷款市场报价利率(LPR):1年,中期借贷便利(MLF):操作利率:1年,GDP:不变价:当季同比,消费者指数:信心指数,国债到期收益率:6月,国债到期收益率:1年,国债到期收益率:2年,国债到期收益率:3年,国债到期收益率:4年,国债到期收益率:5年,国债到期收益率:6年,国债到期收益率:7年,国债到期收益率:8年,国债到期收益率:9年,国债到期收益率:10年,国债到期收益率:15年,国债到期收益率:20年,国债到期收益率:30年,中国银行:净息差,国民总储蓄率,"未来3个月准备增加""购房""支出的比例",居民人均可支配收入,中债中国绿色债券指数(总值)净价指数,制造业PMI,出口总值(人民币计价):当月值,CPI:当月值,房地产开发投资:当月值,规模以上工业增加值:定基指数,全国城镇调查失业率,存款准备金率:中小型存款类金融机构,GDP:平减指数,DR007,逆回购:7日:回购利率,逆回购:7日:回购金额
2016-01-31,,3.25,,104.0,2.3047,2.3637,2.519,2.6042,2.6747,2.7453,2.8105,2.8757,2.8676,2.8595,2.8514,3.1317,3.427,3.5497,,,,,105.6773,49.4,10918.0,101.8,,149.8,,15.5,,2.2682000000,2.25,200.0
2016-02-29,,3.0,,104.4,2.2276,2.2538,2.43,2.5236,2.6003,2.6771,2.7784,2.8797,2.8781,2.8766,2.875,3.1795,3.4342,3.5452,,,,,105.5052,49.0,7931.0,102.3,,124.0,,15.5,,2.3374000000,2.25,2300.0
2016-03-31,,,6.9,100.0,2.0474,2.0989,2.2203,2.3379,2.4257,2.5134,2.6391,2.7647,2.7968,2.8289,2.861,3.0967,3.24,3.3294,1.97,,13.6,,105.2348,50.2,10130.0,102.3,8624.83,168.3,,15.0,,2.3443000000,2.25,1000.0
2016-04-30,,,,101.0,2.2117,2.2826,2.4263,2.5748,2.6617,2.7487,2.8498,2.951,2.9329,2.9149,2.8968,3.182,3.3285,3.45,,,,,103.7075,50.1,10861.0,102.3,7699.02,155.2,,15.0,,2.4042000000,2.25,300.0
2016-05-31,,,,99.8,2.2198,2.3193,2.5151,2.6365,2.7074,2.7783,2.8706,2.9629,2.9653,2.9676,2.97,3.352,3.453,3.5316,,,,,104.1984,50.1,11372.0,102.0,9188.47,162.4,,15.0,,2.2976000000,2.25,1200.0
2016-06-30,,3.0,6.8,102.9,2.2515,2.3851,2.5105,2.5576,2.6299,2.7022,2.7764,2.8506,2.8545,2.8584,2.8623,3.3362,3.4067,3.5237,1.9,,15.1,,104.713,50.0,11499.0,101.9,12066.41,182.0,,15.0,,2.3760000000,2.25,1300.0
2016-07-31,,3.0,,106.8,2.1931,2.2375,2.399,2.4772,2.536,2.5947,2.6816,2.7686,2.7692,2.7698,2.7704,3.1524,3.2233,3.3617,,,,,105.53,49.9,11889.0,101.8,8729.98,165.4,,15.0,,2.3646000000,2.25,700.0
2016-08-31,,3.0,,105.6,2.0809,2.1331,2.3415,2.4413,2.5149,2.5884,2.6794,2.7704,2.7708,2.7711,2.7715,3.104,3.1311,3.3226,,,,,105.528,50.4,12593.0,101.3,9026.24,166.5,,15.0,,2.2995000000,2.25,400.0
2016-09-30,,3.0,6.8,104.6,2.096,2.2087,2.2904,2.3839,2.4857,2.5874,2.6658,2.7441,2.7414,2.7386,2.7359,3.0482,3.0825,3.2103,1.85,,16.3,,105.5931,50.4,12161.0,101.9,10210.85,178.9,,15.0,,2.5792000000,2.25,900.0
2016-10-31,,3.0,,107.2,2.05,2.1928,2.2893,2.35,2.4133,2.4767,2.5633,2.65,2.6667,2.6833,2.7,2.97,3.021,3.1,,,,,105.5969,51.2,11769.0,102.1,9377.02,173.9,,15.0,,2.6891000000,2.25,1000.0
2016-11-30,,3.0,,108.6,2.2577,2.2912,2.4862,2.5531,2.6367,2.7203,2.8001,2.88,2.8862,2.8924,2.8986,3.15,3.1888,3.2918,,,,,103.6116,51.7,13006.0,102.3,9412.47,182.7,,15.0,,2.6791000000,2.25,1400.0
2016-12-31,,3.0,6.9,108.4,2.68,2.7,2.72,2.78,2.81,2.84,2.92,3.0,3.0082,3.0165,3.0247,3.47,3.5,3.6422,1.83,44.931,20.1,23821.0,101.2327,51.4,14291.0,102.1,9193.53,196.2,,15.0,625.545268069942,2.5948000000,2.25,1600.0
2017-01-31,,3.1,,109.2,2.5964,2.67,2.71,2.799,2.8976,2.9962,3.1118,3.2274,3.2732,3.3189,3.3647,3.7147,3.7225,3.7547,,,,,101.0533,51.3,12485.0,102.5,,154.2,,15.0,,2.6385000000,2.25,1000.0
2017-02-28,,3.1,,112.6,2.6363,2.7357,2.8173,2.8835,2.9483,3.013,3.097,3.1811,3.224,3.2669,3.3098,3.7598,3.78,3.7956,,,,,100.1562,51.6,8178.0,100.8,,136.8,,15.0,,2.7330000000,2.35,100.0
2017-03-31,,3.2,7.0,111.0,2.8302,2.8464,2.9341,3.0379,3.0689,3.1,3.1564,3.2128,3.2352,3.2576,3.28,3.73,3.74,3.77,1.8,,22.9,,99.4842,51.8,12299.0,100.9,9437.58,181.1,,15.0,,3.1749000000,2.45,100.0
2017-04-30,,3.2,,113.4,3.05,3.16,3.2316,3.248,3.2837,3.3195,3.376,3.4325,3.4383,3.4442,3.45,3.87,3.88,3.88,,,,,98.4615,51.2,12259.0,101.2,8439.66,165.3,,15.0,,3.1818000000,2.45,400.0
2017-05-31,,3.2,,112.0,3.35,3.4659,3.5728,3.62,3.6298,3.6397,3.6525,3.6654,3.6536,3.6418,3.63,3.95,3.97,4.0,,,,,97.7216,51.2,13005.0,101.5,9863.1,173.0,,15.0,,2.8405000000,2.45,1800.0
2017-06-30,,3.2,7.0,113.3,3.31,3.4517,3.4684,3.4673,3.4733,3.4792,3.5296,3.58,3.57,3.56,3.55,3.8691,3.92,3.95,1.84,,23.1,,98.8114,51.7,13367.0,101.5,13015.55,195.8,,15.0,,2.8936000000,2.45,200.0
2017-07-31,,3.2,,114.6,3.32,3.3926,3.48,3.52,3.5471,3.5743,3.6171,3.66,3.6458,3.6317,3.6175,4.0,4.016,4.095,,,,,98.5733,51.4,13113.0,101.4,9150.85,176.0,,15.0,,2.8025000000,2.45,1600.0
2017-08-31,,3.2,,114.7,3.3348,3.3711,3.4688,3.5954,3.6134,3.6314,3.677,3.7225,3.6987,3.6749,3.6511,4.0911,4.1687,4.2225,,,,,98.0153,51.7,13384.0,101.8,9732.81,176.5,,15.0,,2.9303000000,2.45,800.0
2017-09-30,,3.2,6.9,118.6,3.3758,3.445,3.5188,3.541,3.5771,3.6132,3.6607,3.7081,3.6801,3.652,3.624,4.0536,4.0865,4.2291,1.85,,22.5,,98.1285,52.4,13239.0,101.6,11150.56,190.7,,15.0,,3.1622000000,2.45,1000.0
2017-10-31,,3.2,,123.9,3.51,3.57,3.61,3.736,3.828,3.92,3.92,3.92,3.9141,3.9082,3.9023,4.22,4.24,4.38,,,,,97.4139,51.6,12414.0,101.9,9899.91,184.7,,15.0,,2.8344000000,2.45,1400.0
2017-11-30,,3.2,,121.3,3.75,3.6568,3.7308,3.76,3.81,3.86,3.895,3.93,3.9233,3.9167,3.91,4.1735,4.2,4.3219,,,,,96.0752,51.8,14241.0,101.7,9842.19,193.8,,15.0,,2.9471000000,2.45,1500.0
2017-12-31,,3.25,6.8,122.6,3.9401,3.8384,3.8311,3.8458,3.8496,3.8533,3.8774,3.9014,3.8954,3.8895,3.8835,4.1955,4.2611,4.3888,1.84,44.93,23.2,25974.0,95.9936,51.6,15325.0,101.8,9411.98,208.4,,15.0,652.02260987878,3.0912000000,2.5,300.0
2018-01-31,,3.25,,122.3,3.5072,3.5161,3.5642,3.6403,3.7452,3.85,3.88,3.91,3.9133,3.9167,3.92,4.19,4.23,4.3759,,,,,95.7868,51.3,13177.0,101.5,,178.0,5.0,15.0,,2.8463000000,2.5,1100.0
2018-02-28,,3.25,,124.0,3.2703,3.26,3.4298,3.52,3.62,3.72,3.765,3.81,3.8192,3.8283,3.8375,4.09,4.13,4.255,,,,,96.1965,50.3,11061.0,102.9,,133.9,5.0,15.0,,2.9965000000,2.5,1000.0
2018-03-31,,3.25,6.9,122.3,3.1833,3.3633,3.4774,3.5633,3.6124,3.6615,3.7075,3.7535,3.752,3.7504,3.7489,4.0122,4.0451,4.1698,1.85,,22.9,,96.8409,51.5,11063.0,102.1,10460.2,192.0,5.1,15.0,,3.1048000000,2.55,100.0
2018-04-30,,3.3,,122.9,2.8773,3.05,3.115,3.1981,3.2366,3.275,3.4369,3.5987,3.6058,3.6129,3.62,3.9256,3.9646,4.09,,,,,98.0139,51.4,12610.0,101.8,9300.66,176.9,4.9,14.0,,2.9863000000,2.55,400.0
2018-05-31,,3.3,,122.9,2.9734,3.145,3.2506,3.3086,3.3818,3.455,3.525,3.595,3.6,3.605,3.61,3.8711,3.9181,4.055,,,,,97.6597,51.9,13332.0,101.8,10828.32,184.8,4.8,14.0,,2.8904000000,2.55,900.0
2018-06-30,,3.3,6.9,118.2,3.1495,3.2224,3.32,3.3564,3.4007,3.445,3.4725,3.5,3.4967,3.4933,3.49,3.81,3.852,3.99,1.88,,23.0,,97.9651,51.5,13704.0,101.9,14110.69,207.6,4.8,14.0,,3.0106000000,2.55,800.0
2018-07-31,,3.3,,119.7,2.695,2.8837,3.04,3.0833,3.173,3.2627,3.3814,3.5,3.4995,3.499,3.4985,3.812,3.85,3.9961,,,,,99.0851,51.2,13824.0,102.1,10354.74,186.6,5.1,13.5,,2.6152000000,2.55,700.0
2018-08-31,,3.3,,118.6,2.503,2.835,3.1601,3.28,3.3203,3.3606,3.4558,3.551,3.5653,3.5795,3.5938,3.8515,3.9047,4.175,,,,,98.8535,51.3,14415.0,102.3,10633.13,187.3,5.0,13.5,,2.6097000000,2.55,500.0
2018-09-30,,3.3,6.7,118.5,2.6113,2.9856,3.1429,3.262,3.3511,3.4402,3.5202,3.6001,3.6025,3.605,3.6074,3.8589,3.9059,4.1701,1.89,,22.5,,98.8433,50.8,15404.0,102.5,12146.19,201.8,4.9,13.5,,2.7975000000,2.55,400.0
2018-10-31,,,,119.1,2.507,2.8384,2.9627,3.1554,3.2352,3.315,3.4126,3.5101,3.514,3.5179,3.5218,3.7632,3.8075,4.0644,,,,,99.5476,50.2,14734.0,102.5,10659.88,195.6,4.9,12.5,,2.7098000000,2.55,1000.0
2018-11-30,,3.3,,122.1,2.4631,2.4863,2.7705,2.965,3.055,3.145,3.253,3.361,3.364,3.367,3.37,3.6105,3.6552,3.9,,,,,100.2107,50.0,15483.0,102.2,10758.09,204.3,4.8,12.5,,2.6778000000,,
2018-12-31,,3.3,6.5,123.0,2.5266,2.595,2.7369,2.8548,2.8987,2.9426,3.0565,3.1704,3.1874,3.2044,3.2214,3.4529,3.4975,3.7014,1.9,44.731,21.9,28228.0,100.5224,49.4,15322.0,101.9,10180.51,220.2,4.9,12.5,674.841755751573,3.0391000000,2.55,1500.0
2019-01-31,,,,123.7,2.3307,2.3858,2.5935,2.6857,2.7963,2.9069,2.9769,3.0468,3.0696,3.0924,3.1152,3.3985,3.4528,3.7295,,,,,101.214,49.5,15039.33361805,101.7,,190.1,5.1,11.5,,2.7014000000,2.55,100.0
2019-02-28,,,,126.0,2.2654,2.3772,2.5853,2.7563,2.89,3.0237,3.081,3.1382,3.15,3.1619,3.1737,3.4652,3.4951,3.7452,,,,,100.8914,49.2,9234.96241291,101.5,,138.4,5.3,11.5,,2.6471000000,2.55,600.0
2019-03-31,,,6.3,124.1,2.2529,2.4618,2.6021,2.7125,2.8366,2.9606,3.0326,3.1045,3.0958,3.0872,3.0785,3.3725,3.4082,3.6824,1.82,,21.5,,100.7396,50.5,13391.10743085,102.3,11713.08,208.3,5.2,11.5,,2.7337000000,2.55,500.0
2019-04-30,,3.3,,125.3,2.4269,2.7124,2.9341,3.0285,3.1136,3.1986,3.3169,3.4351,3.4329,3.4307,3.4285,3.6968,3.7321,3.9647,,,,,99.8303,50.1,13015.60279577,102.5,10414.53,186.5,5.0,11.5,,2.6521000000,2.55,200.0
2019-05-31,,3.3,,123.4,2.5021,2.6858,2.8024,2.9105,2.9836,3.0568,3.1846,3.3125,3.3035,3.2944,3.2854,3.5958,3.6245,3.9245,,,,,100.3458,49.4,14364.30602298,102.7,11857.44,194.1,5.0,11.5,,2.6308000000,2.55,300.0
2019-06-30,,3.3,6.0,125.9,2.3854,2.6538,2.8425,2.9362,2.9994,3.0625,3.1629,3.2632,3.255,3.2468,3.2386,3.5584,3.6048,3.8825,1.83,,21.0,,100.6891,49.4,14511.01457896,102.7,15534.41,220.7,5.1,11.5,,2.5636000000,2.55,150.0
2019-07-31,,3.3,,124.4,2.2986,2.621,2.7635,2.8925,2.947,3.0014,3.0869,3.1725,3.1675,3.1624,3.1574,3.5021,3.5386,3.8325,,,,,100.9613,49.7,15260.20986992,102.8,11233.82,195.6,5.3,11.5,,2.6944000000,2.55,500.0
2019-08-31,4.250000,3.3,,122.4,2.5713,2.6317,2.6997,2.7761,2.845,2.9138,2.9918,3.0698,3.0615,3.0533,3.045,3.345,3.3746,3.6517,,,,,101.2132,49.5,14791.66490213,102.8,11745.94,195.5,5.2,11.5,,2.6690000000,2.55,600.0
2019-09-30,4.200000,3.3,5.9,124.1,2.4418,2.5475,2.7068,2.7561,2.8788,3.0014,3.0824,3.1635,3.1548,3.1462,3.1375,3.4457,3.4785,3.7486,1.84,,21.5,,101.1349,49.8,15295.34438115,103.0,13418.61,213.5,5.2,11.0,,2.8510000000,2.55,200.0
2019-10-31,4.200000,3.3,,124.3,2.6038,2.6641,2.7685,2.8857,3.0029,3.1201,3.2068,3.2934,3.2961,3.2987,3.3014,3.6027,3.6471,3.9183,,,,,100.5097,49.3,15045.82226124,103.8,11595.78,204.8,5.1,11.0,,2.6962000000,2.55,300.0
2019-11-30,4.150000,3.25,,124.6,2.5631,2.6541,2.6835,2.8241,2.8988,2.9735,3.0561,3.1387,3.1479,3.157,3.1662,3.4625,3.5021,3.7657,,,,,100.9259,50.2,15657.26826099,104.5,11661.6,217.0,5.1,11.0,,2.5765000000,2.5,1200.0
2019-12-31,4.150000,3.25,5.8,126.6,2.1365,2.3635,2.4585,2.7368,2.8073,2.8778,2.9653,3.0528,3.0807,3.1086,3.1365,3.4252,3.4587,3.7183,1.84,44.219,20.7,30733.0,101.1913,50.2,16766.99466599,104.5,10929.22,235.4,5.2,11.0,683.524947373453,2.8111000000,2.5,300.0
2020-01-31,4.150000,3.25,,126.4,2.1175,2.1963,2.4773,2.5979,2.7051,2.8123,2.8905,2.9687,2.9887,3.0087,3.0287,3.3208,3.3647,3.6054,,,,,101.4892,50.0,14810.68513184,105.4,,181.9,5.3,10.5,,2.5378000000,,
2020-02-29,4.050000,3.15,,118.9,1.8545,1.9236,2.2465,2.3581,2.4396,2.5212,2.6303,2.7394,2.7351,2.7308,2.7265,3.1028,3.1387,3.361,,,,,102.6256,35.7,5561.47372167,105.2,,102.6,6.2,10.5,,2.3231000000,2.4,1000.0
2020-03-31,4.050000,3.15,-6.9,122.2,1.5263,1.7326,1.9463,2.022,2.1866,2.3512,2.4607,2.5702,2.5767,2.5832,2.5897,2.9901,3.0658,3.2256,1.8,,19.2,,102.7343,52.0,12886.83887926,104.3,11847.19,206.0,5.9,10.5,,2.0944000000,2.2,200.0
2020-04-30,3.850000,2.95,,116.4,0.9885,1.1332,1.3265,1.4127,1.6026,1.7925,2.0568,2.3211,2.3856,2.45,2.5145,3.0124,3.1352,3.3243,,,,,103.8691,50.8,14017.86503306,103.3,11140.23,193.8,6.0,10.0,,1.9080000000,,
2020-05-31,3.850000,2.95,,115.8,1.5068,1.5863,1.8217,1.9032,2.0738,2.2444,2.454,2.6636,2.6849,2.7063,2.7276,3.2132,3.3348,3.4975,,,,,102.7037,50.6,14535.19149033,102.4,12816.75,202.6,5.9,9.5,,2.1460000000,2.2,3000.0
2020-06-30,3.850000,2.95,3.1,112.6,1.9843,2.1138,2.2557,2.3918,2.4972,2.6025,2.7264,2.8503,2.8706,2.8908,2.9111,3.3586,3.4652,3.5718,1.82,,19.7,,101.5394,50.9,15079.80633427,102.5,16860.62,231.3,5.7,9.5,,2.3013000000,2.2,1000.0
2020-07-31,3.850000,2.95,,117.2,2.0523,2.2586,2.4567,2.5253,2.6057,2.686,2.822,2.9579,2.9596,2.9613,2.963,3.4233,3.5412,3.6897,,,,,101.0413,51.1,16790.20615664,102.7,12544.4,205.0,5.7,9.5,,2.2367000000,2.2,200.0
2020-08-31,3.850000,2.95,,116.4,2.521,2.4635,2.7642,2.8983,2.9213,2.9442,3.0258,3.1074,3.0772,3.0469,3.0167,3.4752,3.5936,3.7236,,,,,100.5546,51.0,16440.18312548,102.4,13129.54,206.4,5.6,9.5,,2.2468000000,2.2,200.0
2020-09-30,3.850000,2.95,4.9,120.5,2.579,2.5917,2.757,2.885,2.9531,3.0213,3.1118,3.2023,3.1789,3.1555,3.1321,3.5832,3.7111,3.8415,1.81,,20.1,,100.2615,51.5,16540.40098709,101.7,15030.05,228.2,5.4,9.5,,2.4483000000,2.2,1000.0
2020-10-31,3.850000,2.95,,121.7,2.7917,2.7239,2.8413,2.9356,2.9626,2.9895,3.1194,3.2493,3.2269,3.2046,3.1822,3.6298,3.7452,3.864,,,,,100.2732,51.4,16128.58003393,100.5,13071.56,218.9,5.3,9.5,,2.5889000000,2.2,1000.0
2020-11-30,3.850000,2.95,,124.0,2.905,2.8606,2.9442,2.9856,3.0217,3.0579,3.1567,3.2555,3.2508,3.246,3.2413,3.6485,3.7863,3.8605,,,,,100.074,52.1,17916.70893564,99.5,12936.61,232.2,5.2,9.5,,2.3049000000,2.2,1500.0
2020-12-31,3.850000,2.95,6.5,122.1,2.4876,2.457,2.6975,2.7995,2.8679,2.9362,3.0549,3.1736,3.1621,3.1506,3.1391,3.5353,3.6452,3.7275,1.85,45.32,19.9,32189.0,100.5636,51.9,18570.89465892,100.2,11950.58,252.6,5.2,9.5,686.884119591988,2.4565000000,2.2,900.0
2021-01-31,3.850000,2.95,,122.8,2.5126,2.6563,2.817,2.8663,2.9214,2.9765,3.0776,3.1786,3.1796,3.1807,3.1817,3.5574,3.6835,3.7383,,,,,100.6654,51.3,17229.75149585,99.7,,228.1,5.4,9.5,,3.1587000000,2.2,1000.0
2021-02-28,3.850000,2.95,,127.0,2.244,2.5967,2.755,2.8681,2.9707,3.0733,3.1661,3.2588,3.2646,3.2705,3.2763,3.6471,3.7669,3.8092,,,,,100.448,50.6,13286.46296498,99.8,,156.3,5.5,9.5,,2.2135000000,2.2,200.0
2021-03-31,3.850000,2.95,18.9,122.2,2.2852,2.5771,2.7675,2.8513,2.9174,2.9834,3.0765,3.1696,3.1756,3.1815,3.1875,3.5517,3.6736,3.7078,1.78,,19.3,,100.7624,51.9,15515.560934,100.4,13589.96,235.0,5.3,9.5,,2.2855000000,2.2,100.0
2021-04-30,3.850000,2.95,,121.5,2.0452,2.3575,2.6512,2.7542,2.8496,2.945,3.0333,3.1217,3.1324,3.1431,3.1538,3.5148,3.6325,3.6712,,,,,100.9042,51.1,17074.42514906,100.9,12663.93,212.8,5.1,9.5,,2.3465000000,2.2,100.0
2021-05-31,3.850000,2.95,,121.8,2.1165,2.3838,2.6214,2.7375,2.8236,2.9098,2.9728,3.0358,3.043,3.0503,3.0575,3.4125,3.5436,3.5675,,,,,101.1538,51.0,17115.34507994,101.3,14078.32,220.4,5.0,9.5,,2.5786000000,2.2,100.0
2021-06-30,3.850000,2.95,8.1,122.8,2.2257,2.4378,2.644,2.7435,2.8396,2.9356,3.0185,3.1013,3.0956,3.0899,3.0842,3.4458,3.5026,3.6583,1.76,,19.7,,101.0509,50.9,18049.76352142,101.1,17860.99,250.5,5.0,9.5,,2.5480000000,2.2,300.0
2021-07-31,3.850000,2.95,,117.8,1.9715,2.1508,2.4315,2.5325,2.62,2.7075,2.7863,2.865,2.8845,2.9041,2.9236,3.2583,3.3181,3.4875,,,,,102.1598,50.4,18053.25888316,101.0,12716.34,218.1,5.1,9.0,,2.2980000000,2.2,300.0
2021-08-31,3.850000,2.95,,117.5,2.0988,2.2958,2.4775,2.5483,2.6161,2.6838,2.7731,2.8625,2.8709,2.8794,2.8878,3.2285,3.2686,3.4025,,,,,102.2201,50.1,18954.32714579,100.8,13164.32,217.3,5.1,9.0,,2.3826000000,2.2,500.0
2021-09-30,3.850000,2.95,5.5,121.2,2.2849,2.3512,2.4986,2.5275,2.6113,2.6951,2.7676,2.8402,2.8493,2.8584,2.8675,3.2433,3.2756,3.4153,1.75,,19.2,,101.8352,49.6,19762.93598001,100.7,14508.34,235.3,4.9,9.0,,2.2743000000,2.2,600.0
2021-10-31,3.850000,2.95,,120.2,2.3387,2.3578,2.5724,2.6682,2.7485,2.8288,2.9147,3.0005,2.9916,2.9827,2.9738,3.3218,3.3489,3.5057,,,,,101.4902,49.2,19337.01454658,101.5,12365.55,226.6,4.9,9.0,,2.3400000000,2.2,2000.0
2021-11-30,3.850000,2.95,,119.5,2.2913,2.2487,2.4983,2.5688,2.6282,2.6877,2.7757,2.8638,2.853,2.8423,2.8315,3.2044,3.2297,3.3761,,,,,101.9356,50.1,20805.46179104,102.3,12380.34,241.0,5.0,9.0,,2.3950000000,2.2,1000.0
2021-12-31,3.800000,2.95,4.5,119.8,2.2795,2.2577,2.3835,2.4538,2.5275,2.6012,2.6924,2.7835,2.7797,2.776,2.7722,3.0876,3.1473,3.3183,1.75,45.892,17.9,35128.0,102.305,50.3,21723.7138639,101.5,10288.12,265.3,5.1,8.5,716.913229537363,2.2916000000,2.2,1000.0
2022-01-31,3.700000,2.85,,121.5,1.8978,1.9538,2.1387,2.2387,2.3211,2.4035,2.5287,2.6538,2.6721,2.6904,2.7087,3.021,3.0907,3.2871,,,,,103.1428,50.1,20613.29362294,100.9,,236.9,5.3,8.5,,2.3056000000,2.1,1000.0
2022-02-28,3.700000,2.85,,120.5,1.9497,2.0098,2.2557,2.2946,2.3951,2.4957,2.6317,2.7678,2.7694,2.771,2.7726,3.0813,3.1688,3.3476,,,,,102.4913,50.2,13680.4142855,100.9,,176.3,5.5,8.5,,2.2952000000,2.1,3000.0
2022-03-31,3.700000,2.85,4.8,113.2,2.0485,2.1452,2.3114,2.4123,2.4958,2.5792,2.699,2.8188,2.8088,2.7987,2.7887,3.0925,3.1873,3.3598,1.74,,17.9,,102.2368,49.5,17331.19135312,101.5,13265.57,246.8,5.8,8.5,,2.2449000000,2.1,1500.0
2022-04-30,3.700000,2.85,,86.7,1.9325,2.0345,2.3494,2.4315,2.524,2.6165,2.7313,2.8462,2.8423,2.8384,2.8345,3.1464,3.1903,3.3113,,,,,102.5998,47.4,17129.0014042,102.1,11389.36,206.6,6.1,8.25,,2.0053000000,2.1,100.0
2022-05-31,3.700000,2.85,,86.8,1.7275,1.9235,2.2589,2.3263,2.4308,2.5352,2.6457,2.7561,2.7523,2.7486,2.7448,3.0432,3.1097,3.2605,,,,,103.0247,49.6,19486.60590614,102.1,12979.31,221.9,5.9,8.25,,1.8406000000,2.1,100.0
2022-06-30,3.700000,2.85,0.8,88.9,1.7889,1.9815,2.3155,2.4638,2.5651,2.6664,2.7514,2.8363,2.8301,2.8238,2.8176,3.1195,3.1612,3.2878,1.76,,16.9,,102.7108,50.2,21551.98456383,102.5,16180.59,260.3,5.5,8.25,,2.2914000000,2.1,800.0
2022-07-31,3.700000,2.85,,87.9,1.6551,1.8642,2.1996,2.3325,2.4215,2.5105,2.6242,2.7378,2.7435,2.7492,2.7549,3.0132,3.0898,3.2436,,,,,103.2436,49.0,22074.21770093,102.7,11148.18,226.4,5.4,8.25,,1.6329000000,2.1,20.0
2022-08-31,3.650000,2.75,,87.0,1.6465,1.7178,2.0855,2.1901,2.2947,2.3992,2.5055,2.6118,2.6159,2.6201,2.6242,2.8406,2.9378,3.1125,,,,,103.8146,49.4,20935.33373473,102.5,11346.47,226.4,5.3,8.25,,1.7170000000,2.0,20.0
2022-09-30,3.650000,2.75,4.0,87.2,1.8226,1.8826,2.1478,2.3376,2.4521,2.5665,2.6604,2.7542,2.7536,2.7531,2.7525,2.9653,3.0242,3.1593,1.77,,17.1,,103.7444,50.1,21605.28769098,102.8,12749.68,250.1,5.5,8.25,,2.0919000000,2.0,1280.0
2022-10-31,3.650000,2.75,,86.8,1.7251,1.7375,2.0612,2.2215,2.3197,2.4179,2.5364,2.6548,2.6507,2.6466,2.6425,2.8125,2.8956,3.0638,,,,,103.9584,49.2,20361.30954345,102.1,10386.76,237.9,5.5,8.25,,1.9442000000,2.0,700.0
2022-11-30,3.650000,2.75,,85.5,2.0455,2.0991,2.3275,2.4399,2.5649,2.6898,2.7825,2.8752,2.8782,2.8812,2.8842,3.0219,3.1012,3.2725,,,,,102.5051,48.0,20607.53324068,101.6,9917.7,246.3,5.7,8.25,,2.0203000000,2.0,1700.0
2022-12-31,3.650000,2.75,3.0,88.3,2.0798,2.1316,2.3395,2.4202,2.5279,2.6355,2.7222,2.8088,2.8163,2.8237,2.8312,2.9691,3.0399,3.1951,1.76,46.458,16.0,36883.0,102.1716,47.0,20960.6168866,101.8,9032.41,266.9,5.5,8.0,734.306469728421,2.3619000000,2.0,1830.0
2023-01-31,3.650000,2.75,,91.2,1.9606,2.1524,2.4198,2.5286,2.6159,2.7032,2.7749,2.8466,2.8639,2.8812,2.8985,3.0323,3.1163,3.2799,,,,,102.1542,50.1,19862.6144859699,102.1,,213.7,5.5,8.0,,2.1519000000,2.0,4710.0
2023-02-28,3.650000,2.75,,94.7,2.2187,2.3282,2.4898,2.5678,2.6517,2.7355,2.8019,2.8683,2.8826,2.8969,2.9112,3.058,3.1399,3.3048,,,,,102.2989,52.6,14159.26962008,101.0,,209.4,5.6,8.0,,2.4209000000,2.0,4810.0
2023-03-31,3.650000,2.75,4.7,94.9,2.1868,2.2653,2.3975,2.5025,2.5915,2.6805,2.7565,2.8325,2.8393,2.846,2.8528,2.9933,3.0681,3.23,1.7,,17.5,,102.6588,51.9,20656.10907508,100.7,12304.4739,256.4,5.3,7.75,,2.3877000000,2.0,1890.0
2023-04-30,3.650000,2.75,,87.1,2.0351,2.1398,2.3438,2.4375,2.525,2.6125,2.6825,2.7525,2.7623,2.772,2.7818,2.9331,3.0088,3.145,,,,,103.1555,49.2,19762.15331615,100.1,9540.4861,218.2,5.2,7.75,,2.3163000000,2.0,1650.0
2023-05-31,3.650000,2.75,,88.2,1.8695,1.9776,2.1949,2.2685,2.3725,2.4765,2.5757,2.6749,2.6795,2.6842,2.6888,2.8646,2.9632,3.0756,,,,,103.6296,48.8,19314.41689896,100.2,10187.04,229.7,5.2,7.75,,2.0845000000,2.0,130.0
2023-06-30,3.550000,2.65,6.5,86.4,1.7825,1.8805,2.1359,2.2191,2.3217,2.4242,2.5267,2.6291,2.6299,2.6307,2.6315,2.797,2.8974,3.0046,1.67,,16.2,,103.6942,49.0,19762.36232701,100.0,12848.6092,271.8,5.2,7.75,,2.1816000000,1.9,1030.0
2023-07-31,3.550000,2.65,,86.4,1.8195,1.8098,2.1667,2.2573,2.3562,2.4551,2.5473,2.6395,2.648,2.6564,2.6649,2.7999,2.8655,3.0112,,,,,103.8976,49.3,20090.03661831,99.7,9167.2708,234.8,5.3,7.75,,1.9819000000,1.9,310.0
2023-08-31,3.450000,2.5,,86.5,1.955,1.9055,2.128,2.215,2.3038,2.3926,2.4736,2.5546,2.5556,2.5565,2.5575,2.7167,2.7747,2.9024,,,,,104.495,49.7,20309.98283964,100.1,9182.8358,236.6,5.2,7.75,,2.2498000000,1.8,2090.0
2023-09-30,3.450000,2.5,5.0,87.2,2.2005,2.1268,2.2648,2.3648,2.4337,2.5025,2.5882,2.6738,2.6725,2.6713,2.67,2.7884,2.8286,2.9928,1.64,,17.3,,103.7545,50.2,21313.60796114,100.0,10369.2242,261.4,5.0,7.5,,2.2358000000,1.8,1010.0
2023-10-31,3.450000,2.5,,87.9,2.3563,2.2127,2.3546,2.4113,2.4694,2.5275,2.6069,2.6863,2.6884,2.6904,2.6925,2.8118,2.8589,2.9945,,,,,103.2641,49.5,19690.83251572,99.8,8652.59,248.8,5.0,7.5,,2.1417000000,1.8,6120.0
2023-11-30,3.450000,2.5,,87.0,2.4096,2.3365,2.4285,2.4713,2.5222,2.573,2.6205,2.668,2.6683,2.6687,2.669,2.7399,2.8222,2.9423,,,,,103.5876,49.4,21005.97895315,99.5,8123.65,262.6,5.0,7.5,,2.1753000000,1.8,6630.0
2023-12-31,3.450000,2.5,5.3,87.6,2.0565,2.1159,2.2088,2.2989,2.3487,2.3985,2.4687,2.5388,2.5452,2.5515,2.5579,2.6701,2.7324,2.8275,1.59,44.277,14.9,39218.0,104.586,49.0,21728.99963043,99.7,6867.45,285.0,5.1,7.5,726.997562497122,1.9079000000,1.8,1950.0
2024-01-31,3.450000,2.5,,88.9,1.8975,1.895,2.1266,2.1861,2.2368,2.2874,2.35,2.4125,2.4175,2.4225,2.4275,2.5098,2.5428,2.6411,,,,,105.7477,49.2,21764.47660244,99.2,,269.9,5.2,7.5,,1.8706000000,1.8,5440.0
2024-02-29,3.450000,2.5,,89.1,1.7025,1.7735,2.0591,2.095,2.155,2.215,2.2725,2.33,2.3325,2.335,2.3375,2.4101,2.4326,2.4584,,,,,106.3739,49.1,15763.87226848,100.7,,182.8,5.3,7.0,,1.7667000000,1.8,1170.0
2024-03-31,3.450000,2.5,5.3,89.4,1.6594,1.7333,1.9102,2.0304,2.1015,2.1725,2.2413,2.31,2.3042,2.2983,2.2925,2.4345,2.4389,2.4502,1.44,,15.0,,106.1462,50.8,19851.52161001,100.1,10240.64,267.9,5.2,7.0,,2.0124000000,1.8,1500.0
2024-04-30,3.450000,2.5,,88.2,1.6605,1.6931,1.8984,1.9897,2.0674,2.145,2.2179,2.2907,2.2938,2.2969,2.3,2.3846,2.4366,2.5433,,,,,106.3056,50.4,20726.18540072,100.3,8845.43,232.8,5.0,7.0,,2.1098000000,1.8,4400.0
2024-05-31,3.450000,2.5,,86.4,1.6089,1.6456,1.7954,1.9268,2.0043,2.0817,2.1669,2.2521,2.2656,2.279,2.2925,2.4098,2.4802,2.5552,,,,,106.58,49.5,21430.51614646,100.3,9704.55,242.6,5.0,7.0,,1.8675000000,1.8,1000.0
2024-06-30,3.450000,2.5,4.7,86.2,1.4415,1.5415,1.6356,1.7978,1.8861,1.9744,2.0374,2.1004,2.1346,2.1689,2.2031,2.3114,2.3608,2.4267,1.44,,14.6,,107.4575,49.5,21835.29485996,100.2,11896.48,286.2,5.0,7.0,,2.1664000000,1.8,500.0
2024-07-31,3.350000,2.3,,86.0,1.49,1.42,1.5249,1.706,1.7776,1.8491,1.9203,1.9915,2.0435,2.0955,2.1475,2.2504,2.3266,2.382,,,,,108.088,49.4,21368.75909098,100.5,8348.59,246.8,5.2,7.0,,1.7999000000,1.7,2516.7
2024-08-31,3.350000,2.3,,85.8,1.5025,1.4887,1.5225,1.665,1.7598,1.8546,1.9688,2.083,2.1121,2.1411,2.1702,2.2552,2.3427,2.365,,,,,107.7911,49.1,21984.88649309,100.6,8406.1302,247.2,5.3,7.0,,1.6997000000,1.7,301.0
2024-09-30,3.350000,2.0,4.6,85.7,1.4318,1.4325,1.52,1.55,1.68,1.81,1.95,2.09,2.11,2.13,2.15,2.2406,2.2887,2.385,1.41,,,,107.4932,49.8,21635.64525301,100.4,9396.7298,275.5,5.1,6.5,,1.5552000000,1.5,2121.0
2024-10-31,3.100000,2.0,,86.9,1.4359,1.4265,1.4481,1.5865,1.6905,1.7945,1.9081,2.0216,2.0626,2.1037,2.1447,2.2593,2.3475,2.335,,,,,107.4285,50.1,21887.15617726,100.3,7628.57,262.0,5.0,6.5,,1.7044000000,1.5,3276.0
2024-11-30,3.100000,2.0,,86.2,1.3747,1.3727,1.3831,1.4143,1.5368,1.6592,1.7678,1.8764,1.9244,1.9724,2.0204,2.1336,2.2374,2.205,,,,,108.2315,50.3,22197.6985391,100.2,7325.2483,276.8,5.0,6.5,,1.6422000000,1.5,4790.0
2024-12-31,3.100000,2.0,5.4,86.4,0.9468,1.0934,1.1357,1.1865,1.3027,1.4188,1.5038,1.5887,1.6184,1.6481,1.6778,1.871,1.9792,1.9126,,,,41314.0,109.9247,50.1,24099.35996537,100.1,6646.1117,302.7,5.1,6.5,732.4307505,1.9812000000,1.5,1577.0
2025-01-31,3.100000,2.0,,,1.3341,1.2806,1.2704,1.3082,1.3574,1.4065,1.4775,1.5485,1.5752,1.602,1.6287,1.7885,1.9221,1.8675,,,,,110.3022,49.1,,100.5,,,5.2,6.5,,1.8629000000,1.5,1230.0
2025-02-28,3.100000,2.0,,,1.5744,1.4674,1.4391,1.5204,1.5632,1.606,1.6517,1.6974,1.7058,1.7142,1.7226,1.8736,2.0284,1.905,,,,,108.9639,50.2,,,,,,6.5,,2.1262000000,1.5,2845.0
2025-03-31,,,,,1.6,1.4697,1.4445,1.5366,1.5659,1.5952,1.652,1.7088,1.7203,1.7318,1.7433,1.8873,2.0384,1.9325,,,,,108.9062,,,,,,,,,1.7867000000,1.5,1850.0
