,China_GDP,China_Inflation,China_Public_Debt,China_Gov_Lending,US_Interest_Rates,US_Composite_Leading_Indicator,China_Composite_Leading_Indicator,China_Business_Confidence,Shanghai_Composite,CNYUSD,CNYEUR,中国:贷款市场报价利率(LPR):1年,中期借贷便利(MLF):操作利率:1年,GDP:不变价:当季同比,消费者指数:信心指数,国债到期收益率:6月,国债到期收益率:1年,国债到期收益率:2年,国债到期收益率:3年,国债到期收益率:4年,国债到期收益率:5年,国债到期收益率:6年,国债到期收益率:7年,国债到期收益率:8年,国债到期收益率:9年,国债到期收益率:10年,国债到期收益率:15年,国债到期收益率:20年,国债到期收益率:30年,中国银行:净息差,国民总储蓄率,"未来3个月准备增加""购房""支出的比例",居民人均可支配收入,中债中国绿色债券指数(总值)净价指数,制造业PMI,出口总值(人民币计价):当月值,CPI:当月值,房地产开发投资:当月值,规模以上工业增加值:定基指数,全国城镇调查失业率,存款准备金率:中小型存款类金融机构,GDP:平减指数,DR007,逆回购:7日:回购利率,逆回购:7日:回购金额,M2_MOM,M1_MOM,ppi,TR_Interest_Rate,Bond_Spread
2016-01-31,11.2333137303487,2.00000182191943,50.701,-3.392,0.29,99.24446,99.77658,97.99234,2737.60009765625,0.1513499915599823,0.1388799995183944,4.25,3.25,6.9,104.0,2.3047,2.3637,2.519,2.6042,2.6747,2.7453,2.8105,2.8757,2.8676,2.8595,2.8514,3.1317,3.427,3.5497,1.97,44.931,13.6,23821.0,105.6773,49.4,10918.0,101.8,8624.83,149.8,5.0,15.5,625.545268069942,2.2682,2.25,200.0,1.86,3.01,94.6,3.0036980139597875,0.4876999999999998
2016-02-29,11.2333137303487,2.00000182191943,50.701,-3.392,0.29,99.19215,99.79812,98.04052,2687.97900390625,0.1531299799680709,0.1378899961709976,4.25,3.0,6.9,104.4,2.2276,2.2538,2.43,2.5236,2.6003,2.6771,2.7784,2.8797,2.8781,2.8766,2.875,3.1795,3.4342,3.5452,1.97,44.931,13.6,23821.0,105.5052,49.0,7931.0,102.3,8624.83,124.0,5.0,15.5,625.545268069942,2.3374,2.25,2300.0,1.86,3.01,94.6,3.003141891375153,0.6212
2016-03-31,11.2333137303487,2.00000182191943,50.701,-3.392,0.25,99.1731,99.86428,98.31345,3003.9150390625,0.1549162715673446,0.1362800002098083,4.25,3.0,6.9,100.0,2.0474,2.0989,2.2203,2.3379,2.4257,2.5134,2.6391,2.7647,2.7968,2.8289,2.861,3.0967,3.24,3.3294,1.97,44.931,13.6,23821.0,105.2348,50.2,10130.0,102.3,8624.83,168.3,5.0,15.0,625.545268069942,2.3443,2.25,1000.0,1.86,3.01,94.6,3.0025499363096864,0.7621000000000002
2016-04-30,11.2333137303487,2.00000182191943,50.701,-3.392,0.3,99.17165,99.9508,98.47344,2938.323974609375,0.1547005772590637,0.134660005569458,4.25,3.0,6.9,101.0,2.2117,2.2826,2.4263,2.5748,2.6617,2.7487,2.8498,2.951,2.9329,2.9149,2.8968,3.182,3.3285,3.45,1.97,44.931,13.6,23821.0,103.7075,50.1,10861.0,102.3,7699.02,155.2,5.0,15.0,625.545268069942,2.4042,2.25,300.0,1.86,3.01,94.6,3.0018540155313276,0.6141999999999999
2016-05-31,11.2333137303487,2.00000182191943,50.701,-3.392,0.29,99.17371,100.0463,98.50992,2916.615966796875,0.152130588889122,0.1361099928617477,4.25,3.0,6.9,99.8,2.2198,2.3193,2.5151,2.6365,2.7074,2.7783,2.8706,2.9629,2.9653,2.9676,2.97,3.352,3.453,3.5316,1.97,44.931,13.6,23821.0,104.1984,50.1,11372.0,102.0,9188.47,162.4,5.0,15.0,625.545268069942,2.2976,2.25,1200.0,1.86,3.01,94.6,3.000961402107685,0.6507000000000001
2016-06-30,11.2333137303487,2.00000182191943,50.701,-3.392,0.3,99.17411,100.149,98.49344,2929.60595703125,0.1509023904800415,0.1352600008249282,4.25,3.0,6.8,102.9,2.2515,2.3851,2.5105,2.5576,2.6299,2.7022,2.7764,2.8506,2.8545,2.8584,2.8623,3.3362,3.4067,3.5237,1.9,44.931,15.1,23821.0,104.713,50.0,11499.0,101.9,12066.41,182.0,5.0,15.0,625.545268069942,2.376,2.25,1300.0,1.86,3.01,94.6,2.9997626196828397,0.47719999999999985
2016-07-31,11.2333137303487,2.00000182191943,50.701,-3.392,0.3,99.18951,100.2544,98.53916,2979.339111328125,0.1505502611398697,0.1346099972724914,4.25,3.0,6.8,106.8,2.1931,2.2375,2.399,2.4772,2.536,2.5947,2.6816,2.7686,2.7692,2.7698,2.7704,3.1524,3.2233,3.3617,1.9,44.931,15.1,23821.0,105.53,49.9,11889.0,101.8,8729.98,165.4,5.0,15.0,625.545268069942,2.3646,2.25,700.0,1.86,3.01,94.6,2.998141716079152,0.5329000000000002
2016-08-31,11.2333137303487,2.00000182191943,50.701,-3.392,0.3,99.23176,100.3432,98.73741,3085.490966796875,0.149691641330719,0.1331299990415573,4.25,3.0,6.8,105.6,2.0809,2.1331,2.3415,2.4413,2.5149,2.5884,2.6794,2.7704,2.7708,2.7711,2.7715,3.104,3.1311,3.3226,1.9,44.931,15.1,23821.0,105.528,50.4,12593.0,101.3,9026.24,166.5,5.0,15.0,625.545268069942,2.2995,2.25,400.0,1.86,3.01,94.6,2.9959899788521978,0.6383999999999999
2016-09-30,11.2333137303487,2.00000182191943,50.701,-3.392,0.29,99.31293,100.4159,99.02191,3004.702880859375,0.1499542593955993,0.132750004529953,4.25,3.0,6.8,104.6,2.096,2.2087,2.2904,2.3839,2.4857,2.5874,2.6658,2.7441,2.7414,2.7386,2.7359,3.0482,3.0825,3.2103,1.85,44.931,16.3,23821.0,105.5931,50.4,12161.0,101.9,10210.85,178.9,5.0,15.0,625.545268069942,2.5792,2.25,900.0,1.86,3.01,94.6,2.993223776213293,0.5272000000000001
2016-10-31,11.2333137303487,2.00000182191943,50.701,-3.392,0.31,99.42847,100.4806,99.40153,3100.491943359375,0.1474186927080154,0.1341200023889541,4.25,3.0,6.8,107.2,2.05,2.1928,2.2893,2.35,2.4133,2.4767,2.5633,2.65,2.6667,2.6833,2.7,2.97,3.021,3.1,1.85,44.931,16.3,23821.0,105.5969,51.2,11769.0,102.1,9377.02,173.9,5.0,15.0,625.545268069942,2.6891,2.25,1000.0,1.86,3.01,94.6,2.9898065871483355,0.5072000000000001
2016-11-30,11.2333137303487,2.00000182191943,50.701,-3.392,0.31,99.56319,100.5425,99.67571,3250.033935546875,0.1449842751026153,0.1359699964523315,4.25,3.0,6.8,108.6,2.2577,2.2912,2.4862,2.5531,2.6367,2.7203,2.8001,2.88,2.8862,2.8924,2.8986,3.15,3.1888,3.2918,1.85,44.931,16.3,23821.0,103.6116,51.7,13006.0,102.3,9412.47,182.7,5.0,15.0,625.545268069942,2.6791,2.25,1400.0,1.86,3.01,94.6,2.9857744765879053,0.6074000000000002
2016-12-31,11.2333137303487,2.00000182191943,50.701,-3.392,0.55,99.69708,100.5878,99.7429,3103.636962890625,0.1440133601427078,0.1355900019407272,4.25,3.0,6.9,108.4,2.68,2.7,2.72,2.78,2.81,2.84,2.92,3.0,3.0082,3.0165,3.0247,3.47,3.5,3.6422,1.83,44.931,20.1,23821.0,101.2327,51.4,14291.0,102.1,9193.53,196.2,5.0,15.0,625.545268069942,2.5948,2.25,1600.0,1.86,3.01,94.6,2.9812635551403006,0.3247
2017-01-31,12.3104913339809,1.59313600071436,54.951,-3.403,0.56,99.80352,100.6197,99.75624,3159.166015625,0.1453340500593185,0.1355299949645996,4.25,3.1,6.9,109.2,2.5964,2.67,2.71,2.799,2.8976,2.9962,3.1118,3.2274,3.2732,3.3189,3.3647,3.7147,3.7225,3.7547,1.83,44.931,20.1,23821.0,101.0533,51.3,12485.0,102.5,9193.53,154.2,5.0,15.0,625.545268069942,2.6385,2.25,1000.0,1.86,3.01,94.6,2.411934673657126,0.6947000000000001
2017-02-28,12.3104913339809,1.59313600071436,54.951,-3.403,0.57,99.87235,100.6599,99.79839,3241.73291015625,0.1455582827329635,0.1373199969530105,4.25,3.1,6.9,112.6,2.6363,2.7357,2.8173,2.8835,2.9483,3.013,3.097,3.1811,3.224,3.2669,3.3098,3.7598,3.78,3.7956,1.83,44.931,20.1,23821.0,100.1562,51.6,8178.0,100.8,9193.53,136.8,5.0,15.0,625.545268069942,2.733,2.35,100.0,1.86,3.01,94.6,2.4069800788050144,0.5741
2017-03-31,12.3104913339809,1.59313600071436,54.951,-3.403,0.82,99.90405,100.7107,99.78228,3222.513916015625,0.1451589465141296,0.1356399953365326,4.25,3.2,7.0,111.0,2.8302,2.8464,2.9341,3.0379,3.0689,3.1,3.1564,3.2128,3.2352,3.2576,3.28,3.73,3.74,3.77,1.8,44.931,22.9,23821.0,99.4842,51.8,12299.0,100.9,9437.58,181.1,5.0,15.0,625.545268069942,3.1749,2.45,100.0,1.86,3.01,94.6,2.4024519234495028,0.43359999999999976
2017-04-30,12.3104913339809,1.59313600071436,54.951,-3.403,0.83,99.91348,100.7616,99.66685,3154.657958984375,0.1446738392114639,0.131750002503395,4.25,3.2,7.0,113.4,3.05,3.16,3.2316,3.248,3.2837,3.3195,3.376,3.4325,3.4383,3.4442,3.45,3.87,3.88,3.88,1.8,44.931,22.9,23821.0,98.4615,51.2,12259.0,101.2,8439.66,165.3,5.0,15.0,625.545268069942,3.1818,2.45,400.0,1.86,3.01,94.6,2.3983662058139066,0.29000000000000004
2017-05-31,12.3104913339809,1.59313600071436,54.951,-3.403,0.83,99.91911,100.8091,99.64519,3117.177978515625,0.1458618938922882,0.130390003323555,4.25,3.2,7.0,112.0,3.35,3.4659,3.5728,3.62,3.6298,3.6397,3.6525,3.6654,3.6536,3.6418,3.63,3.95,3.97,4.0,1.8,44.931,22.9,23821.0,97.7216,51.2,13005.0,101.5,9863.1,173.0,5.0,15.0,625.545268069942,2.8405,2.45,1800.0,1.86,3.01,94.6,2.3946122834006593,0.1640999999999999
2017-06-30,12.3104913339809,1.59313600071436,54.951,-3.403,1.06,99.93415,100.8357,99.74403,3192.427001953125,0.1473687291145324,0.1286199986934662,4.25,3.2,7.0,113.3,3.31,3.4517,3.4684,3.4673,3.4733,3.4792,3.5296,3.58,3.57,3.56,3.55,3.8691,3.92,3.95,1.84,44.931,23.1,23821.0,98.8114,51.7,13367.0,101.5,13015.55,195.8,5.0,15.0,625.545268069942,2.8936,2.45,200.0,1.86,3.01,94.6,2.3910011749529994,0.09829999999999961
2017-07-31,12.3104913339809,1.59313600071436,54.951,-3.403,1.07,99.96452,100.8184,99.84537,3273.028076171875,0.1483921706676483,0.1261499971151352,4.25,3.2,7.0,114.6,3.32,3.3926,3.48,3.52,3.5471,3.5743,3.6171,3.66,3.6458,3.6317,3.6175,4.0,4.016,4.095,1.84,44.931,23.1,23821.0,98.5733,51.4,13113.0,101.4,9150.85,176.0,5.0,15.0,625.545268069942,2.8025,2.45,1600.0,1.86,3.01,94.6,2.3873065924411883,0.22490000000000032
2017-08-31,12.3104913339809,1.59313600071436,54.951,-3.403,1.07,100.033,100.7432,100.0176,3360.81005859375,0.1516139358282089,0.127360001206398,4.25,3.2,7.0,114.7,3.3348,3.3711,3.4688,3.5954,3.6134,3.6314,3.677,3.7225,3.6987,3.6749,3.6511,4.0911,4.1687,4.2225,1.84,44.931,23.1,23821.0,98.0153,51.7,13384.0,101.8,9732.81,176.5,5.0,15.0,625.545268069942,2.9303,2.45,800.0,1.86,3.01,94.6,2.3833029135118315,0.2799999999999998
2017-09-30,12.3104913339809,1.59313600071436,54.951,-3.403,1.06,100.131,100.6111,100.1562,3348.943115234375,0.1500375121831894,0.127030000090599,4.25,3.2,6.9,118.6,3.3758,3.445,3.5188,3.541,3.5771,3.6132,3.6607,3.7081,3.6801,3.652,3.624,4.0536,4.0865,4.2291,1.85,44.931,22.5,23821.0,98.1285,52.4,13239.0,101.6,11150.56,190.7,5.0,15.0,625.545268069942,3.1622,2.45,1000.0,1.86,3.01,94.6,2.378803109648559,0.17900000000000027
2017-10-31,12.3104913339809,1.59313600071436,54.951,-3.403,1.07,100.2471,100.4431,100.0696,3393.342041015625,0.1505479961633682,0.1290200054645538,4.25,3.2,6.9,123.9,3.51,3.57,3.61,3.736,3.828,3.92,3.92,3.92,3.9141,3.9082,3.9023,4.22,4.24,4.38,1.85,44.931,22.5,23821.0,97.4139,51.6,12414.0,101.9,9899.91,184.7,5.0,15.0,625.545268069942,2.8344,2.45,1400.0,1.86,3.01,94.6,2.373697735099995,0.33230000000000004
2017-11-30,12.3104913339809,1.59313600071436,54.951,-3.403,1.07,100.3643,100.2648,99.94204,3317.18798828125,0.151324838399887,0.1274999976158142,4.25,3.2,6.9,121.3,3.75,3.6568,3.7308,3.76,3.81,3.86,3.895,3.93,3.9233,3.9167,3.91,4.1735,4.2,4.3219,1.85,44.931,22.5,23821.0,96.0752,51.8,14241.0,101.7,9842.19,193.8,5.0,15.0,625.545268069942,2.9471,2.45,1500.0,1.86,3.01,94.6,2.367994067596471,0.2532000000000001
2017-12-31,12.3104913339809,1.59313600071436,54.951,-3.403,1.33,100.4772,100.0794,99.73302,3307.172119140625,0.1537113636732101,0.1268599927425384,4.25,3.25,6.8,122.6,3.9401,3.8384,3.8311,3.8458,3.8496,3.8533,3.8774,3.9014,3.8954,3.8895,3.8835,4.1955,4.2611,4.3888,1.84,44.93,23.2,25974.0,95.9936,51.6,15325.0,101.8,9411.98,208.4,5.0,15.0,652.02260987878,3.0912,2.5,300.0,1.86,3.01,94.6,2.3618531413832335,0.04510000000000014
2018-01-31,13.8949078578806,2.07479039965576,56.659,-4.283,1.34,100.5871,99.90152,99.4762,3480.8330078125,0.1582003086805343,0.1273200064897537,4.25,3.25,6.8,122.3,3.5072,3.5161,3.5642,3.6403,3.7452,3.85,3.88,3.91,3.9133,3.9167,3.92,4.19,4.23,4.3759,1.84,44.93,23.2,25974.0,95.7868,51.3,13177.0,101.5,9411.98,178.0,5.0,15.0,652.02260987878,2.8463,2.5,1100.0,1.86,3.01,94.6,3.138070154263261,0.40390000000000015
2018-02-28,13.8949078578806,2.07479039965576,56.659,-4.283,1.35,100.6859,99.7477,99.31673,3259.407958984375,0.158310517668724,0.1291899979114532,4.25,3.25,6.8,124.0,3.2703,3.26,3.4298,3.52,3.62,3.72,3.765,3.81,3.8192,3.8283,3.8375,4.09,4.13,4.255,1.84,44.93,23.2,25974.0,96.1965,50.3,11061.0,102.9,9411.98,133.9,5.0,15.0,652.02260987878,2.9965,2.5,1000.0,1.86,3.01,94.6,3.13157354675961,0.5775000000000001
2018-03-31,13.8949078578806,2.07479039965576,56.659,-4.283,1.67,100.7467,99.63286,99.51,3168.89697265625,0.1590937972068786,0.1289699971675872,4.25,3.25,6.9,122.3,3.1833,3.3633,3.4774,3.5633,3.6124,3.6615,3.7075,3.7535,3.752,3.7504,3.7489,4.0122,4.0451,4.1698,1.85,44.93,22.9,25974.0,96.8409,51.5,11063.0,102.1,10460.2,192.0,5.1,15.0,652.02260987878,3.1048,2.55,100.0,1.86,3.01,94.6,3.1259290727877396,0.3855999999999997
2018-04-30,13.8949078578806,2.07479039965576,56.659,-4.283,1.69,100.7645,99.54038,99.72124,3082.23193359375,0.1578033864498138,0.1299799978733062,4.25,3.3,6.9,122.9,2.8773,3.05,3.115,3.1981,3.2366,3.275,3.4369,3.5987,3.6058,3.6129,3.62,3.9256,3.9646,4.09,1.85,44.93,22.9,25974.0,98.0139,51.4,12610.0,101.8,9300.66,176.9,4.9,14.0,652.02260987878,2.9863,2.55,400.0,1.86,3.01,94.6,3.121236029661621,0.5700000000000003
2018-05-31,13.8949078578806,2.07479039965576,56.659,-4.283,1.7,100.7493,99.45487,99.86409,3095.47412109375,0.1558117717504501,0.1333499997854232,4.25,3.3,6.9,122.9,2.9734,3.145,3.2506,3.3086,3.3818,3.455,3.525,3.595,3.6,3.605,3.61,3.8711,3.9181,4.055,1.85,44.93,22.9,25974.0,97.6597,51.9,13332.0,101.8,10828.32,184.8,4.8,14.0,652.02260987878,2.8904,2.55,900.0,1.86,3.01,94.6,3.117456445239101,0.46499999999999986
2018-06-30,13.8949078578806,2.07479039965576,56.659,-4.283,1.91,100.7076,99.36187,99.80343,2847.41796875,0.1508887410163879,0.1290799975395202,4.25,3.3,6.9,118.2,3.1495,3.2224,3.32,3.3564,3.4007,3.445,3.4725,3.5,3.4967,3.4933,3.49,3.81,3.852,3.99,1.88,44.93,23.0,25974.0,97.9651,51.5,13704.0,101.9,14110.69,207.6,4.8,14.0,652.02260987878,3.0106,2.55,800.0,1.86,3.01,94.6,3.1144724569389703,0.2676000000000003
2018-07-31,13.8949078578806,2.07479039965576,56.659,-4.283,1.91,100.6413,99.2606,99.64245,2876.40087890625,0.1467372924089431,0.1251599937677383,4.25,3.3,6.9,119.7,2.695,2.8837,3.04,3.0833,3.173,3.2627,3.3814,3.5,3.4995,3.499,3.4985,3.812,3.85,3.9961,1.88,44.93,23.0,25974.0,99.0851,51.2,13824.0,102.1,10354.74,186.6,5.1,13.5,652.02260987878,2.6152,2.55,700.0,1.86,3.01,94.6,3.1121263356281297,0.6147999999999998
2018-08-31,13.8949078578806,2.07479039965576,56.659,-4.283,1.91,100.5526,99.15465,99.43938,2725.25,0.1461326032876968,0.1251000016927719,4.25,3.3,6.9,118.6,2.503,2.835,3.1601,3.28,3.3203,3.3606,3.4558,3.551,3.5653,3.5795,3.5938,3.8515,3.9047,4.175,1.88,44.93,23.0,25974.0,98.8535,51.3,14415.0,102.3,10633.13,187.3,5.0,13.5,652.02260987878,2.6097,2.55,500.0,1.86,3.01,94.6,3.110248536089173,0.7587999999999999
2018-09-30,13.8949078578806,2.07479039965576,56.659,-4.283,2.18,100.4275,99.05407,99.11046,2821.35009765625,0.1456027925014495,0.1252200007438659,4.25,3.3,6.7,118.5,2.6113,2.9856,3.1429,3.262,3.3511,3.4402,3.5202,3.6001,3.6025,3.605,3.6074,3.8589,3.9059,4.1701,1.89,44.93,22.5,25974.0,98.8433,50.8,15404.0,102.5,12146.19,201.8,4.9,13.5,652.02260987878,2.7975,2.55,400.0,1.86,3.01,94.6,3.1086781287768965,0.6218000000000004
2018-10-31,13.8949078578806,2.07479039965576,56.659,-4.283,2.2,100.2606,98.9631,98.71901,2602.782958984375,0.1435482203960418,0.126350000500679,4.25,3.3,6.7,119.1,2.507,2.8384,2.9627,3.1554,3.2352,3.315,3.4126,3.5101,3.514,3.5179,3.5218,3.7632,3.8075,4.0644,1.89,44.93,22.5,25974.0,99.5476,50.2,14734.0,102.5,10659.88,195.6,4.9,12.5,652.02260987878,2.7098,2.55,1000.0,1.86,3.01,94.6,3.1072787333661855,0.6833999999999998
2018-11-30,13.8949078578806,2.07479039965576,56.659,-4.283,2.2,100.0662,98.88708,98.37437,2588.18798828125,0.1440610736608505,0.1262899935245514,4.25,3.3,6.7,122.1,2.4631,2.4863,2.7705,2.965,3.055,3.145,3.253,3.361,3.364,3.367,3.37,3.6105,3.6552,3.9,1.89,44.93,22.5,25974.0,100.2107,50.0,15483.0,102.2,10758.09,204.3,4.8,12.5,652.02260987878,2.6778,2.55,1000.0,1.86,3.01,94.6,3.1059520045293567,0.8837000000000002
2018-12-31,13.8949078578806,2.07479039965576,56.659,-4.283,2.4,99.86469,98.82571,98.10748,2493.89599609375,0.1454080194234848,0.1269000023603439,4.25,3.3,6.5,123.0,2.5266,2.595,2.7369,2.8548,2.8987,2.9426,3.0565,3.1704,3.1874,3.2044,3.2214,3.4529,3.4975,3.7014,1.9,44.731,21.9,28228.0,100.5224,49.4,15322.0,101.9,10180.51,220.2,4.9,12.5,674.841755751573,3.0391,2.55,1500.0,1.86,3.01,94.6,3.104649888674874,0.6263999999999998
2019-01-31,14.2799685062717,2.89923416358227,60.404,-6.102,2.4,99.67632,98.7847,98.04341,2584.572021484375,0.1489092409610748,0.1294900029897689,4.25,3.3,6.5,123.7,2.3307,2.3858,2.5935,2.6857,2.7963,2.9069,2.9769,3.0468,3.0696,3.0924,3.1152,3.3985,3.4528,3.7295,1.9,44.731,21.9,28228.0,101.214,49.5,15039.33361805,101.7,10180.51,190.1,5.1,11.5,674.841755751573,2.7014,2.55,100.0,1.86,3.01,94.6,4.353664242768779,0.7294
2019-02-28,14.2799685062717,2.89923416358227,60.404,-6.102,2.4,99.5174,98.76415,98.1524,2940.9541015625,0.1495617777109146,0.1312399953603744,4.25,3.3,6.5,126.0,2.2654,2.3772,2.5853,2.7563,2.89,3.0237,3.081,3.1382,3.15,3.1619,3.1737,3.4652,3.4951,3.7452,1.9,44.731,21.9,28228.0,100.8914,49.2,9234.96241291,101.5,10180.51,138.4,5.3,11.5,674.841755751573,2.6471,2.55,600.0,1.86,3.01,94.6,4.3524946753427995,0.7965
2019-03-31,14.2799685062717,2.89923416358227,60.404,-6.102,2.43,99.38998,98.76199,98.3999,3090.758056640625,0.1490068733692169,0.132530003786087,4.25,3.3,6.3,124.1,2.2529,2.4618,2.6021,2.7125,2.8366,2.9606,3.0326,3.1045,3.0958,3.0872,3.0785,3.3725,3.4082,3.6824,1.82,44.731,21.5,28228.0,100.7396,50.5,13391.10743085,102.3,11713.08,208.3,5.2,11.5,674.841755751573,2.7337,2.55,500.0,1.86,3.01,94.6,4.351493972939341,0.6166999999999998
2019-04-30,14.2799685062717,2.89923416358227,60.404,-6.102,2.45,99.27512,98.75894,98.37955,3078.339111328125,0.1485354453325271,0.1325899958610534,4.25,3.3,6.3,125.3,2.4269,2.7124,2.9341,3.0285,3.1136,3.1986,3.3169,3.4351,3.4329,3.4307,3.4285,3.6968,3.7321,3.9647,1.82,44.731,21.5,28228.0,99.8303,50.1,13015.60279577,102.5,10414.53,186.5,5.0,11.5,674.841755751573,2.6521,2.55,200.0,1.86,3.01,94.6,4.350665129511491,0.7161
2019-05-31,14.2799685062717,2.89923416358227,60.404,-6.102,2.4,99.17093,98.75402,98.18362,2898.696044921875,0.1449086368083953,0.1300099939107895,4.25,3.3,6.3,123.4,2.5021,2.6858,2.8024,2.9105,2.9836,3.0568,3.1846,3.3125,3.3035,3.2944,3.2854,3.5958,3.6245,3.9245,1.82,44.731,21.5,28228.0,100.3458,49.4,14364.30602298,102.7,11857.44,194.1,5.0,11.5,674.841755751573,2.6308,2.55,300.0,1.86,3.01,94.6,4.349985016706373,0.5996000000000001
2019-06-30,14.2799685062717,2.89923416358227,60.404,-6.102,2.4,99.08028,98.75076,98.07944,2978.8779296875,0.1456218808889389,0.1279399991035461,4.25,3.3,6.0,125.9,2.3854,2.6538,2.8425,2.9362,2.9994,3.0625,3.1629,3.2632,3.255,3.2468,3.2386,3.5584,3.6048,3.8825,1.83,44.731,21.0,28228.0,100.6891,49.4,14511.01457896,102.7,15534.41,220.7,5.1,11.5,674.841755751573,2.5636,2.55,150.0,1.86,3.01,94.6,4.3494129210946095,0.5848
2019-07-31,14.2799685062717,2.89923416358227,60.404,-6.102,2.4,99.00743,98.74412,98.10326,2932.510009765625,0.145272821187973,0.1299999952316284,4.25,3.3,6.0,124.4,2.2986,2.621,2.7635,2.8925,2.947,3.0014,3.0869,3.1725,3.1675,3.1624,3.1574,3.5021,3.5386,3.8325,1.83,44.731,21.0,28228.0,100.9613,49.7,15260.20986992,102.8,11233.82,195.6,5.3,11.5,674.841755751573,2.6944,2.55,500.0,1.86,3.01,94.6,4.348897359098902,0.5364
2019-08-31,14.2799685062717,2.89923416358227,60.404,-6.102,2.13,98.96103,98.7249,98.16458,2886.239990234375,0.13998544216156,0.1269499957561493,4.25,3.3,6.0,122.4,2.5713,2.6317,2.6997,2.7761,2.845,2.9138,2.9918,3.0698,3.0615,3.0533,3.045,3.345,3.3746,3.6517,1.83,44.731,21.0,28228.0,101.2132,49.5,14791.66490213,102.8,11745.94,195.5,5.2,11.5,674.841755751573,2.669,2.55,600.0,1.86,3.01,94.6,4.348381738803324,0.4133
2019-09-30,14.2799685062717,2.89923416358227,60.404,-6.102,1.9,98.96491,98.6955,98.28017,2905.18994140625,0.1404139399528503,0.1281400024890899,4.2,3.3,5.9,124.1,2.4418,2.5475,2.7068,2.7561,2.8788,3.0014,3.0824,3.1635,3.1548,3.1462,3.1375,3.4457,3.4785,3.7486,1.84,44.731,21.5,28228.0,101.1349,49.8,15295.34438115,103.0,13418.61,213.5,5.2,11.0,674.841755751573,2.851,2.55,200.0,1.86,3.01,94.6,4.347809486671415,0.5900000000000003
2019-10-31,14.2799685062717,2.89923416358227,60.404,-6.102,1.58,99.01381,98.67544,98.34087,2929.06005859375,0.1417555063962936,0.1269290000200271,4.2,3.3,5.9,124.3,2.6038,2.6641,2.7685,2.8857,3.0029,3.1201,3.2068,3.2934,3.2961,3.2987,3.3014,3.6027,3.6471,3.9183,1.84,44.731,21.5,28228.0,100.5097,49.3,15045.82226124,103.8,11595.78,204.8,5.1,11.0,674.841755751573,2.6962,2.55,300.0,1.86,3.01,94.6,4.347129240490239,0.6373000000000002
2019-11-30,14.2799685062717,2.89923416358227,60.404,-6.102,1.56,99.08697,98.68955,98.25388,2871.97998046875,0.142215147614479,0.1288810074329376,4.15,3.25,5.9,124.6,2.5631,2.6541,2.6835,2.8241,2.8988,2.9735,3.0561,3.1387,3.1479,3.157,3.1662,3.4625,3.5021,3.7657,1.84,44.731,21.5,28228.0,100.9259,50.2,15657.26826099,104.5,11661.6,217.0,5.1,11.0,674.841755751573,2.5765,2.5,1200.0,1.86,3.01,94.6,4.3463006403093605,0.5120999999999998
2019-12-31,14.2799685062717,2.89923416358227,60.404,-6.102,1.55,99.15616,98.74545,97.4522,3050.1240234375,0.1431495696306228,0.1275610029697418,4.15,3.25,5.8,126.6,2.1365,2.3635,2.4585,2.7368,2.8073,2.8778,2.9653,3.0528,3.0807,3.1086,3.1365,3.4252,3.4587,3.7183,1.84,44.219,20.7,30733.0,101.1913,50.2,16766.99466599,104.5,10929.22,235.4,5.2,11.0,683.524947373453,2.8111,2.5,300.0,1.86,3.01,94.6,4.345301128759612,0.7729999999999997
2020-01-31,14.687744162801,2.41942189457782,70.155,-9.718,1.59,99.18732,98.84306,95.75547,2976.528076171875,0.1441815495491027,0.13052299618721,4.15,3.25,5.8,126.4,2.1175,2.1963,2.4773,2.5979,2.7051,2.8123,2.8905,2.9687,2.9887,3.0087,3.0287,3.3208,3.3647,3.6054,1.84,44.219,20.7,30733.0,101.4892,50.0,14810.68513184,105.4,10929.22,181.9,5.3,10.5,683.524947373453,2.5378,2.5,300.0,1.86,3.01,94.6,3.6385587868481077,0.8324000000000003
2020-02-29,14.687744162801,2.41942189457782,70.155,-9.718,1.58,99.15326,88.33436999999999,94.17168,2880.303955078125,0.1430431008338928,0.1295389980077743,4.05,3.15,5.8,118.9,1.8545,1.9236,2.2465,2.3581,2.4396,2.5212,2.6303,2.7394,2.7351,2.7308,2.7265,3.1028,3.1387,3.361,1.84,44.219,20.7,30733.0,102.6256,35.7,5561.47372167,105.2,10929.22,102.6,6.2,10.5,683.524947373453,2.3231,2.4,1000.0,1.86,3.01,94.6,3.6372255386236882,0.8029000000000002
2020-03-31,14.687744162801,2.41942189457782,70.155,-9.718,0.08,97.89362,91.62889,96.42195,2750.2958984375,0.1408609449863433,0.1275710016489029,4.05,3.15,-6.9,122.2,1.5263,1.7326,1.9463,2.022,2.1866,2.3512,2.4607,2.5702,2.5767,2.5832,2.5897,2.9901,3.0658,3.2256,1.8,44.219,19.2,30733.0,102.7343,52.0,12886.83887926,104.3,11847.19,206.0,5.9,10.5,683.524947373453,2.0944,2.2,200.0,1.86,3.01,94.6,3.6357035786323366,0.8571000000000002
2020-04-30,14.687744162801,2.41942189457782,70.155,-9.718,0.05,93.4837,93.95593,98.22739,2860.08203125,0.1413347721099853,0.1297270059585571,3.85,2.95,-6.9,116.4,0.9885,1.1332,1.3265,1.4127,1.6026,1.7925,2.0568,2.3211,2.3856,2.45,2.5145,3.0124,3.1352,3.3243,1.8,44.219,19.2,30733.0,103.8691,50.8,14017.86503306,103.3,11140.23,193.8,6.0,10.0,683.524947373453,1.908,2.2,200.0,1.86,3.01,94.6,3.63385755242914,1.3813
2020-05-31,14.687744162801,2.41942189457782,70.155,-9.718,0.05,94.9228,96.87975,99.0756,2852.35107421875,0.1401286423206329,0.1260779947042465,3.85,2.95,-6.9,115.8,1.5068,1.5863,1.8217,1.9032,2.0738,2.2444,2.454,2.6636,2.6849,2.7063,2.7276,3.2132,3.3348,3.4975,1.8,44.219,19.2,30733.0,102.7037,50.6,14535.19149033,102.4,12816.75,202.6,5.9,9.5,683.524947373453,2.146,2.2,3000.0,1.86,3.01,94.6,3.6314916091867326,1.1412999999999998
2020-06-30,14.687744162801,2.41942189457782,70.155,-9.718,0.08,96.59299,98.46479,99.38327,2984.674072265625,0.1412509232759475,0.1254000067710876,3.85,2.95,3.1,112.6,1.9843,2.1138,2.2557,2.3918,2.4972,2.6025,2.7264,2.8503,2.8706,2.8908,2.9111,3.3586,3.4652,3.5718,1.82,44.219,19.7,30733.0,101.5394,50.9,15079.80633427,102.5,16860.62,231.3,5.7,9.5,683.524947373453,2.3013,2.2,1000.0,1.86,3.01,94.6,3.628373295388933,0.7972999999999999
2020-07-31,14.687744162801,2.41942189457782,70.155,-9.718,0.1,97.98195,99.60324,99.47604,3310.007080078125,0.1427083164453506,0.1200359985232353,3.85,2.95,3.1,117.2,2.0523,2.2586,2.4567,2.5253,2.6057,2.686,2.822,2.9579,2.9596,2.9613,2.963,3.4233,3.5412,3.6897,1.82,44.219,19.7,30733.0,101.0413,51.1,16790.20615664,102.7,12544.4,205.0,5.7,9.5,683.524947373453,2.2367,2.2,200.0,1.86,3.01,94.6,3.6242646917074115,0.7044000000000001
2020-08-31,14.687744162801,2.41942189457782,70.155,-9.718,0.09,98.58877,100.7135,99.53873,3395.677978515625,0.145679160952568,0.12219999730587,3.85,2.95,3.1,116.4,2.521,2.4635,2.7642,2.8983,2.9213,2.9442,3.0258,3.1074,3.0772,3.0469,3.0167,3.4752,3.5936,3.7236,1.82,44.219,19.7,30733.0,100.5546,51.0,16440.18312548,102.4,13129.54,206.4,5.6,9.5,683.524947373453,2.2468,2.2,200.0,1.86,3.01,94.6,3.618962075521925,0.5532000000000004
2020-09-30,14.687744162801,2.41942189457782,70.155,-9.718,0.09,98.8585,100.9564,99.69467,3218.052001953125,0.1467265337705612,0.1247769966721534,3.85,2.95,4.9,120.5,2.579,2.5917,2.757,2.885,2.9531,3.0213,3.1118,3.2023,3.1789,3.1555,3.1321,3.5832,3.7111,3.8415,1.81,44.219,20.1,30733.0,100.2615,51.5,16540.40098709,101.7,15030.05,228.2,5.4,9.5,683.524947373453,2.4483,2.2,1000.0,1.86,3.01,94.6,3.6123431573227514,0.5404
2020-10-31,14.687744162801,2.41942189457782,70.155,-9.718,0.09,99.18831,101.2246,99.85688,3224.532958984375,0.1489425003528595,0.1281020045280456,3.85,2.95,4.9,121.7,2.7917,2.7239,2.8413,2.9356,2.9626,2.9895,3.1194,3.2493,3.2269,3.2046,3.1822,3.6298,3.7452,3.864,1.81,44.219,20.1,30733.0,100.2732,51.4,16128.58003393,100.5,13071.56,218.9,5.3,9.5,683.524947373453,2.5889,2.2,1000.0,1.86,3.01,94.6,3.604417948593269,0.45829999999999993
2020-11-30,14.687744162801,2.41942189457782,70.155,-9.718,0.09,99.54637,101.4423,100.0022,3391.760009765625,0.1520681232213974,0.1269329935312271,3.85,2.95,4.9,124.0,2.905,2.8606,2.9442,2.9856,3.0217,3.0579,3.1567,3.2555,3.2508,3.246,3.2413,3.6485,3.7863,3.8605,1.81,44.219,20.1,30733.0,100.074,52.1,17916.70893564,99.5,12936.61,232.2,5.2,9.5,683.524947373453,2.3049,2.2,1500.0,1.86,3.01,94.6,3.5953767988038994,0.38070000000000004
2020-12-31,14.687744162801,2.41942189457782,70.155,-9.718,0.09,99.92159,101.5775,99.92294,3473.069091796875,0.1533225029706955,0.1244819983839988,3.85,2.95,6.5,122.1,2.4876,2.457,2.6975,2.7995,2.8679,2.9362,3.0549,3.1736,3.1621,3.1506,3.1391,3.5353,3.6452,3.7275,1.85,45.32,19.9,32189.0,100.5636,51.9,18570.89465892,100.2,11950.58,252.6,5.2,9.5,686.884119591988,2.4565,2.2,900.0,1.86,3.01,94.6,3.585628961390702,0.6821000000000002
2021-01-31,17.8204595088522,0.981015135544882,71.852,-6.045,0.07,100.2579,101.6222,99.6838,3483.069091796875,0.1556032747030258,0.1280249953269958,3.85,2.95,6.5,122.8,2.5126,2.6563,2.817,2.8663,2.9214,2.9765,3.0776,3.1786,3.1796,3.1807,3.1817,3.5574,3.6835,3.7383,1.85,45.32,19.9,32189.0,100.6654,51.3,17229.75149585,99.7,11950.58,228.1,5.4,9.5,686.884119591988,3.1587,2.2,1000.0,1.86,3.01,94.6,1.5134937269889857,0.5254000000000003
2021-02-28,17.8204595088522,0.981015135544882,71.852,-6.045,0.07,100.5935,101.5759,99.52886,3509.080078125,0.1543710082769394,0.1272300034761428,3.85,2.95,6.5,127.0,2.244,2.5967,2.755,2.8681,2.9707,3.0733,3.1661,3.2588,3.2646,3.2705,3.2763,3.6471,3.7669,3.8092,1.85,45.32,19.9,32189.0,100.448,50.6,13286.46296498,99.8,11950.58,156.3,5.5,9.5,686.884119591988,2.2135,2.2,200.0,1.86,3.01,94.6,1.5026576930755222,0.6796000000000002
2021-03-31,17.8204595088522,0.981015135544882,71.852,-6.045,0.06,100.8863,101.4585,99.60488,3441.909912109375,0.1521838307380676,0.1296389997005462,3.85,2.95,18.9,122.2,2.2852,2.5771,2.7675,2.8513,2.9174,2.9834,3.0765,3.1696,3.1756,3.1815,3.1875,3.5517,3.6736,3.7078,1.78,45.32,19.3,32189.0,100.7624,51.9,15515.560934,100.4,13589.96,235.0,5.3,9.5,686.884119591988,2.2855,2.2,100.0,1.86,3.01,94.6,1.4934007098872932,0.6103999999999998
2021-04-30,17.8204595088522,0.981015135544882,71.852,-6.045,0.05,101.131,101.2768,99.51425,3446.860107421875,0.1545308381319046,0.1272819936275482,3.85,2.95,18.9,121.5,2.0452,2.3575,2.6512,2.7542,2.8496,2.945,3.0333,3.1217,3.1324,3.1431,3.1538,3.5148,3.6325,3.6712,1.78,45.32,19.3,32189.0,100.9042,51.1,17074.42514906,100.9,12663.93,212.8,5.1,9.5,686.884119591988,2.3465,2.2,100.0,1.86,3.01,94.6,1.4858737915070896,0.7963
2021-05-31,17.8204595088522,0.981015135544882,71.852,-6.045,0.05,101.2037,101.0449,99.35693,3615.47998046875,0.1570499688386917,0.1286389976739883,3.85,2.95,18.9,121.8,2.1165,2.3838,2.6214,2.7375,2.8236,2.9098,2.9728,3.0358,3.043,3.0503,3.0575,3.4125,3.5436,3.5675,1.78,45.32,19.3,32189.0,101.1538,51.0,17115.34507994,101.3,14078.32,220.4,5.0,9.5,686.884119591988,2.5786,2.2,100.0,1.86,3.01,94.6,1.4800111630162307,0.6737000000000002
2021-06-30,17.8204595088522,0.981015135544882,71.852,-6.045,0.08,101.2113,100.7738,99.1331,3591.199951171875,0.154724508523941,0.1298670023679733,3.85,2.95,8.1,122.8,2.2257,2.4378,2.644,2.7435,2.8396,2.9356,3.0185,3.1013,3.0956,3.0899,3.0842,3.4458,3.5026,3.6583,1.76,45.32,19.7,32189.0,101.0509,50.9,18049.76352142,101.1,17860.99,250.5,5.0,9.5,686.884119591988,2.548,2.2,300.0,1.86,3.01,94.6,1.47563321191324,0.6463999999999999
2021-07-31,17.8204595088522,0.981015135544882,71.852,-6.045,0.07,101.1688,100.4738,98.81448,3397.360107421875,0.1547867804765701,0.130058005452156,3.85,2.95,8.1,117.8,1.9715,2.1508,2.4315,2.5325,2.62,2.7075,2.7863,2.865,2.8845,2.9041,2.9236,3.2583,3.3181,3.4875,1.76,45.32,19.7,32189.0,102.1598,50.4,18053.25888316,101.0,12716.34,218.1,5.1,9.0,686.884119591988,2.298,2.2,300.0,1.86,3.01,94.6,1.4725104550666142,0.7728000000000002
2021-08-31,17.8204595088522,0.981015135544882,71.852,-6.045,0.06,101.1064,100.16,98.48217,3543.93994140625,0.1546766459941864,0.1309189945459365,3.85,2.95,8.1,117.5,2.0988,2.2958,2.4775,2.5483,2.6161,2.6838,2.7731,2.8625,2.8709,2.8794,2.8878,3.2285,3.2686,3.4025,1.76,45.32,19.7,32189.0,102.2201,50.1,18954.32714579,100.8,13164.32,217.3,5.1,9.0,686.884119591988,2.3826,2.2,500.0,1.86,3.01,94.6,1.4704020747317332,0.5920000000000001
2021-09-30,17.8204595088522,0.981015135544882,71.852,-6.045,0.06,101.0549,99.85621,98.21535,3568.169921875,0.1545690596103668,0.1330350041389465,3.85,2.95,5.5,121.2,2.2849,2.3512,2.4986,2.5275,2.6113,2.6951,2.7676,2.8402,2.8493,2.8584,2.8675,3.2433,3.2756,3.4153,1.75,45.32,19.2,32189.0,101.8352,49.6,19762.93598001,100.7,14508.34,235.3,4.9,9.0,686.884119591988,2.2743,2.2,600.0,1.86,3.01,94.6,1.469078650475302,0.5163000000000002
2021-10-31,17.8204595088522,0.981015135544882,71.852,-6.045,0.07,101.0183,99.59172,98.1656,3547.340087890625,0.1561353355646133,0.1337269991636276,3.85,2.95,5.5,120.2,2.3387,2.3578,2.5724,2.6682,2.7485,2.8288,2.9147,3.0005,2.9916,2.9827,2.9738,3.3218,3.3489,3.5057,1.75,45.32,19.2,32189.0,101.4902,49.2,19337.01454658,101.5,12365.55,226.6,4.9,9.0,686.884119591988,2.34,2.2,2000.0,1.86,3.01,94.6,1.4683352522187845,0.6160000000000001
2021-11-30,17.8204595088522,0.981015135544882,71.852,-6.045,0.07,100.9874,99.38113,98.39371,3563.889892578125,0.1565680205821991,0.1383949965238571,3.85,2.95,5.5,119.5,2.2913,2.2487,2.4983,2.5688,2.6282,2.6877,2.7757,2.8638,2.853,2.8423,2.8315,3.2044,3.2297,3.3761,1.75,45.32,19.2,32189.0,101.9356,50.1,20805.46179104,102.3,12380.34,241.0,5.0,9.0,686.884119591988,2.395,2.2,1000.0,1.86,3.01,94.6,1.4679986359101693,0.5828000000000002
2021-12-31,17.8204595088522,0.981015135544882,71.852,-6.045,0.07,100.9415,99.19912,98.57555,3639.780029296875,0.1569341421127319,0.1384139955043792,3.8,2.95,4.5,119.8,2.2795,2.2577,2.3835,2.4538,2.5275,2.6012,2.6924,2.7835,2.7797,2.776,2.7722,3.0876,3.1473,3.3183,1.75,45.892,17.9,35128.0,102.305,50.3,21723.7138639,101.5,10288.12,265.3,5.1,8.5,716.913229537363,2.2916,2.2,1000.0,1.86,3.01,94.6,1.46793076533682,0.5145000000000004
2022-01-31,17.8817826837073,1.97357555739051,77.393,-7.507,0.08,100.8647,99.02526,98.54781,3361.43994140625,0.1574555188417434,0.1399170011281967,3.7,2.85,4.5,121.5,1.8978,1.9538,2.1387,2.2387,2.3211,2.4035,2.5287,2.6538,2.6721,2.6904,2.7087,3.021,3.0907,3.2871,1.75,45.892,17.9,35128.0,103.1428,50.1,20613.29362294,100.9,10288.12,236.9,5.3,8.5,716.913229537363,2.3056,2.1,1000.0,1.86,3.01,94.6,2.9585791906692767,0.7548999999999999
2022-02-28,17.8817826837073,1.97357555739051,77.393,-7.507,0.08,100.7504,98.85555,98.29815,3462.31005859375,0.1583280563354492,0.1401479989290237,3.7,2.85,4.5,120.5,1.9497,2.0098,2.2557,2.2946,2.3951,2.4957,2.6317,2.7678,2.7694,2.771,2.7726,3.0813,3.1688,3.3476,1.75,45.892,17.9,35128.0,102.4913,50.2,13680.4142855,100.9,10288.12,176.3,5.5,8.5,716.913229537363,2.2952,2.1,3000.0,1.86,3.01,94.6,2.958780616594429,0.7628000000000004
2022-03-31,17.8817826837073,1.97357555739051,77.393,-7.507,0.33,100.5853,98.69582,97.82101,3252.199951171875,0.1575746089220047,0.140977993607521,3.7,2.85,4.8,113.2,2.0485,2.1452,2.3114,2.4123,2.4958,2.5792,2.699,2.8188,2.8088,2.7987,2.7887,3.0925,3.1873,3.3598,1.74,45.892,17.9,35128.0,102.2368,49.5,17331.19135312,101.5,13265.57,246.8,5.8,8.5,716.913229537363,2.2449,2.1,1500.0,1.86,3.01,94.6,2.9590358742658784,0.6435
2022-04-30,17.8817826837073,1.97357555739051,77.393,-7.507,0.33,100.368,98.54095,97.45323,3047.06005859375,0.1513431668281555,0.1435299962759018,3.7,2.85,4.8,86.7,1.9325,2.0345,2.3494,2.4315,2.524,2.6165,2.7313,2.8462,2.8423,2.8384,2.8345,3.1464,3.1903,3.3113,1.74,45.892,17.9,35128.0,102.5998,47.4,17129.0014042,102.1,11389.36,206.6,6.1,8.25,716.913229537363,2.0053,2.1,100.0,1.86,3.01,94.6,2.959312616928665,0.7999999999999998
2022-05-31,17.8817826837073,1.97357555739051,77.393,-7.507,0.83,100.1016,98.40405,97.74925,3186.429931640625,0.1501433849334716,0.139163002371788,3.7,2.85,4.8,86.8,1.7275,1.9235,2.2589,2.3263,2.4308,2.5352,2.6457,2.7561,2.7523,2.7486,2.7448,3.0432,3.1097,3.2605,1.74,45.892,17.9,35128.0,103.0247,49.6,19486.60590614,102.1,12979.31,221.9,5.9,8.25,716.913229537363,1.8406,2.1,100.0,1.86,3.01,94.6,2.9595916376278906,0.8213000000000001
2022-06-30,17.8817826837073,1.97357555739051,77.393,-7.507,1.58,99.82359,98.29231,98.04305,3398.6201171875,0.1492581814527511,0.1426779925823211,3.7,2.85,0.8,88.9,1.7889,1.9815,2.3155,2.4638,2.5651,2.6664,2.7514,2.8363,2.8301,2.8238,2.8176,3.1195,3.1612,3.2878,1.76,45.892,16.9,35128.0,102.7108,50.2,21551.98456383,102.5,16180.59,260.3,5.5,8.25,716.913229537363,2.2914,2.1,800.0,1.86,3.01,94.6,2.9598641532526955,0.8361000000000001
2022-07-31,17.8817826837073,1.97357555739051,77.393,-7.507,2.32,99.57864,98.21146,98.04398,3253.239990234375,0.1482975482940673,0.1452050060033798,3.7,2.85,0.8,87.9,1.6551,1.8642,2.1996,2.3325,2.4215,2.5105,2.6242,2.7378,2.7435,2.7492,2.7549,3.0132,3.0898,3.2436,1.76,45.892,16.9,35128.0,103.2436,49.0,22074.21770093,102.7,11148.18,226.4,5.4,8.25,716.913229537363,1.6329,2.1,20.0,1.86,3.01,94.6,2.9601290642383535,0.8907
2022-08-31,17.8817826837073,1.97357555739051,77.393,-7.507,2.33,99.38433,98.1806,98.05886,3202.139892578125,0.1447010487318039,0.1441230028867721,3.65,2.75,0.8,87.0,1.6465,1.7178,2.0855,2.1901,2.2947,2.3992,2.5055,2.6118,2.6159,2.6201,2.6242,2.8406,2.9378,3.1125,1.76,45.892,16.9,35128.0,103.8146,49.4,20935.33373473,102.5,11346.47,226.4,5.3,8.25,716.913229537363,1.717,2.0,20.0,1.86,3.01,94.6,2.960390264364277,0.9064000000000001
2022-09-30,17.8817826837073,1.97357555739051,77.393,-7.507,3.08,99.22839,98.21135,97.95921,3024.389892578125,0.1403725445270538,0.1424870043992996,3.65,2.75,4.0,87.2,1.8226,1.8826,2.1478,2.3376,2.4521,2.5665,2.6604,2.7542,2.7536,2.7531,2.7525,2.9653,3.0242,3.1593,1.77,45.892,17.1,35128.0,103.7444,50.1,21605.28769098,102.8,12749.68,250.1,5.5,8.25,716.913229537363,2.0919,2.0,1280.0,1.86,3.01,94.6,2.960654010637205,0.8698999999999999
2022-10-31,17.8817826837073,1.97357555739051,77.393,-7.507,3.08,99.10165,98.31075,97.51028,2893.47998046875,0.137904405593872,0.1381770074367523,3.65,2.75,4.0,86.8,1.7251,1.7375,2.0612,2.2215,2.3197,2.4179,2.5364,2.6548,2.6507,2.6466,2.6425,2.8125,2.8956,3.0638,1.77,45.892,17.1,35128.0,103.9584,49.2,20361.30954345,102.1,10386.76,237.9,5.5,8.25,716.913229537363,1.9442,2.0,700.0,1.86,3.01,94.6,2.9609263167301947,0.905
2022-11-30,17.8817826837073,1.97357555739051,77.393,-7.507,3.83,99.00354,98.48682,97.0727,3151.340087890625,0.1396765112876892,0.135125994682312,3.65,2.75,4.0,85.5,2.0455,2.0991,2.3275,2.4399,2.5649,2.6898,2.7825,2.8752,2.8782,2.8812,2.8842,3.0219,3.1012,3.2725,1.77,45.892,17.1,35128.0,102.5051,48.0,20607.53324068,101.6,9917.7,246.3,5.7,8.25,716.913229537363,2.0203,2.0,1700.0,1.86,3.01,94.6,2.9612103081594596,0.7850999999999999
2022-12-31,17.8817826837073,1.97357555739051,77.393,-7.507,4.33,98.94633,98.72395,97.27746,3089.260009765625,0.1449842751026153,0.134453997015953,3.65,2.75,3.0,88.3,2.0798,2.1316,2.3395,2.4202,2.5279,2.6355,2.7222,2.8088,2.8163,2.8237,2.8312,2.9691,3.0399,3.1951,1.76,46.458,16.0,36883.0,102.1716,47.0,20960.6168866,101.8,9032.41,266.9,5.5,8.0,734.306469728421,2.3619,2.0,1830.0,1.86,3.01,94.6,2.961503476702527,0.6995999999999998
2023-01-31,17.794783039552,0.234836828893051,84.381,-6.945,4.33,98.92989,98.99926,98.43154,3255.669921875,0.1481964588165283,0.1363790035247802,3.65,2.75,3.0,91.2,1.9606,2.1524,2.4198,2.5286,2.6159,2.7032,2.7749,2.8466,2.8639,2.8812,2.8985,3.0323,3.1163,3.2799,1.76,46.458,16.0,36883.0,102.1542,50.1,19862.6144859699,102.1,9032.41,213.7,5.5,8.0,734.306469728421,2.1519,2.0,4710.0,1.86,3.01,94.6,0.35124710883887394,0.7460999999999998
2023-02-28,17.794783039552,0.234836828893051,84.381,-6.945,4.33,98.92989,98.99926,98.43154,3279.610107421875,0.1440112888813018,0.1355379968881607,3.65,2.75,3.0,94.7,2.2187,2.3282,2.4898,2.5678,2.6517,2.7355,2.8019,2.8683,2.8826,2.8969,2.9112,3.058,3.1399,3.3048,1.76,46.458,16.0,36883.0,102.2989,52.6,14159.26962008,101.0,9032.41,209.4,5.6,8.0,734.306469728421,2.4209,2.0,4810.0,1.86,3.01,94.6,0.3515127599699345,0.5830000000000002
2023-03-31,17.794783039552,0.234836828893051,84.381,-6.945,4.33,98.92989,98.99926,98.43154,3272.860107421875,0.1455519348382949,0.1332910060882568,3.65,2.75,4.7,94.9,2.1868,2.2653,2.3975,2.5025,2.5915,2.6805,2.7565,2.8325,2.8393,2.846,2.8528,2.9933,3.0681,3.23,1.7,46.458,17.5,36883.0,102.6588,51.9,20656.10907508,100.7,12304.4739,256.4,5.3,7.75,734.306469728421,2.3877,2.0,1890.0,1.86,3.01,94.6,0.3517417294968674,0.5874999999999999
2023-04-30,17.794783039552,0.234836828893051,84.381,-6.945,4.33,98.92989,98.99926,98.43154,3323.27001953125,0.1446947753429412,0.1310870051383972,3.65,2.75,4.7,87.1,2.0351,2.1398,2.3438,2.4375,2.525,2.6125,2.6825,2.7525,2.7623,2.772,2.7818,2.9331,3.0088,3.145,1.7,46.458,17.5,36883.0,103.1555,49.2,19762.15331615,100.1,9540.4861,218.2,5.2,7.75,734.306469728421,2.3163,2.0,1650.0,1.86,3.01,94.6,0.3519289839299318,0.6419999999999999
2023-05-31,17.794783039552,0.234836828893051,84.381,-6.945,4.33,98.92989,98.99926,98.43154,3204.56005859375,0.1412628889083862,0.1314350068569183,3.65,2.75,4.7,88.2,1.8695,1.9776,2.1949,2.2685,2.3725,2.4765,2.5757,2.6749,2.6795,2.6842,2.6888,2.8646,2.9632,3.0756,1.7,46.458,17.5,36883.0,103.6296,48.8,19314.41689896,100.2,10187.04,229.7,5.2,7.75,734.306469728421,2.0845,2.0,130.0,1.86,3.01,94.6,0.3520746309213967,0.7112
2023-06-30,17.794783039552,0.234836828893051,84.381,-6.945,4.33,98.92989,98.99926,98.43154,3202.06005859375,0.137896791100502,0.1267219930887222,3.55,2.65,6.5,86.4,1.7825,1.8805,2.1359,2.2191,2.3217,2.4242,2.5267,2.6291,2.6299,2.6307,2.6315,2.797,2.8974,3.0046,1.67,46.458,16.2,36883.0,103.6942,49.0,19762.36232701,100.0,12848.6092,271.8,5.2,7.75,734.306469728421,2.1816,1.9,1030.0,1.86,3.01,94.6,0.35218206313783246,0.7509999999999999
2023-07-31,17.794783039552,0.234836828893051,84.381,-6.945,4.33,98.92989,98.99926,98.43154,3291.0400390625,0.1407895535230636,0.1269370019435882,3.55,2.65,6.5,86.4,1.8195,1.8098,2.1667,2.2573,2.3562,2.4551,2.5473,2.6395,2.648,2.6564,2.6649,2.7999,2.8655,3.0112,1.67,46.458,16.2,36883.0,103.8976,49.3,20090.03661831,99.7,9167.2708,234.8,5.3,7.75,734.306469728421,1.9819,1.9,310.0,-0.66,-2.64,95.6,0.35225650458591395,0.8550999999999997
2023-08-31,17.794783039552,0.234836828893051,84.381,-6.945,4.33,98.92989,98.99926,98.43154,3119.8798828125,0.1372947543859481,0.1272830069065094,3.45,2.5,6.5,86.5,1.955,1.9055,2.128,2.215,2.3038,2.3926,2.4736,2.5546,2.5556,2.5565,2.5575,2.7167,2.7747,2.9024,1.67,46.458,16.2,36883.0,104.495,49.7,20309.98283964,100.1,9182.8358,236.6,5.2,7.75,734.306469728421,2.2498,1.8,2090.0,0.54,0.35,97.0,0.352303932151323,0.6520000000000001
2023-09-30,17.794783039552,0.234836828893051,84.381,-6.945,4.33,98.92989,98.99926,98.43154,3110.47509765625,0.1370952278375625,0.131740003824234,3.45,2.5,5.0,87.2,2.2005,2.1268,2.2648,2.3648,2.4337,2.5025,2.5882,2.6738,2.6725,2.6713,2.67,2.7884,2.8286,2.9928,1.64,46.458,17.3,36883.0,103.7545,50.2,21313.60796114,100.0,10369.2242,261.4,5.0,7.5,734.306469728421,2.2358,1.8,1010.0,0.95,-0.17,97.5,0.3523303248524764,0.5432000000000001
2023-10-31,17.794783039552,0.234836828893051,84.381,-6.945,4.33,98.92989,98.99926,98.43154,3018.77099609375,0.1367596238851547,0.1311250030994415,3.45,2.5,5.0,87.9,2.3563,2.2127,2.3546,2.4113,2.4694,2.5275,2.6069,2.6863,2.6884,2.6904,2.6925,2.8118,2.8589,2.9945,1.64,46.458,17.3,36883.0,103.2641,49.5,19690.83251572,99.8,8652.59,248.8,5.0,7.5,734.306469728421,2.1417,1.8,6120.0,-0.5,-0.55,97.4,0.35234118368889294,0.4798
2023-11-30,17.794783039552,0.234836828893051,84.381,-6.945,4.33,98.92989,98.99926,98.43154,3029.673095703125,0.1412648856639862,0.1283980011940002,3.45,2.5,5.0,87.0,2.4096,2.3365,2.4285,2.4713,2.5222,2.573,2.6205,2.668,2.6683,2.6687,2.669,2.7399,2.8222,2.9423,1.64,46.458,17.3,36883.0,103.5876,49.4,21005.97895315,99.5,8123.65,262.6,5.0,7.5,734.306469728421,2.1753,1.8,6630.0,1.03,0.18,97.0,0.3523412633551065,0.3325
2023-12-31,17.794783039552,0.234836828893051,84.381,-6.945,4.33,98.92989,98.99926,98.43154,2974.93505859375,0.141470730304718,0.1267880052328109,3.45,2.5,5.3,87.6,2.0565,2.1159,2.2088,2.2989,2.3487,2.3985,2.4687,2.5388,2.5452,2.5515,2.5579,2.6701,2.7324,2.8275,1.59,44.277,14.9,39218.0,104.586,49.0,21728.99963043,99.7,6867.45,285.0,5.1,7.5,726.997562497122,1.9079,1.8,1950.0,0.37,0.69,97.3,0.3523344609166806,0.44200000000000017
2024-01-31,17.794783039552,0.234836828893051,84.381,-6.945,4.33,98.92989,98.99926,98.43154,2788.548095703125,0.1409622132778167,0.1296429932117462,3.45,2.5,5.3,88.9,1.8975,1.895,2.1266,2.1861,2.2368,2.2874,2.35,2.4125,2.4175,2.4225,2.4275,2.5098,2.5428,2.6411,1.59,44.277,14.9,39218.0,105.7477,49.2,21764.47660244,99.2,6867.45,269.9,5.2,7.5,726.997562497122,1.8706,1.8,5440.0,1.83,64.59,97.5,0.35232381356902903,0.5325000000000002
2024-02-29,17.794783039552,0.234836828893051,84.381,-6.945,4.33,98.92989,98.99926,98.43154,3015.1708984375,0.1389660835266113,0.129622995853424,3.45,2.5,5.3,89.1,1.7025,1.7735,2.0591,2.095,2.155,2.215,2.2725,2.33,2.3325,2.335,2.3375,2.4101,2.4326,2.4584,1.59,44.277,14.9,39218.0,106.3739,49.1,15763.87226848,100.7,6867.45,182.8,5.3,7.0,726.997562497122,1.7667,1.8,1170.0,0.65,-2.41,97.3,0.35231156606796693,0.5639999999999998
2024-03-31,17.794783039552,0.234836828893051,84.381,-6.945,4.33,98.92989,98.99926,98.43154,3041.1669921875,0.1383795738220214,0.1296869963407516,3.45,2.5,5.3,89.4,1.6594,1.7333,1.9102,2.0304,2.1015,2.1725,2.2413,2.31,2.3042,2.2983,2.2925,2.4345,2.4389,2.4502,1.44,44.277,15.0,39218.0,106.1462,50.8,19851.52161001,100.1,10240.64,267.9,5.2,7.0,726.997562497122,2.0124,1.8,1500.0,1.75,2.22,97.2,0.35229927707917547,0.5591999999999999
2024-04-30,17.794783039552,0.234836828893051,84.381,-6.945,4.33,98.92989,98.99926,98.43154,3104.824951171875,0.1381654441356659,0.1314869970083236,3.45,2.5,5.3,88.2,1.6605,1.6931,1.8984,1.9897,2.0674,2.145,2.2179,2.2907,2.2938,2.2969,2.3,2.3846,2.4366,2.5433,1.44,44.277,15.0,39218.0,106.3056,50.4,20726.18540072,100.3,8845.43,232.8,5.0,7.0,726.997562497122,2.1098,1.8,4400.0,-1.18,-3.79,97.5,0.3522879417340408,0.6068999999999998
2024-05-31,17.794783039552,0.234836828893051,84.381,-6.945,4.33,98.92989,98.99926,98.43154,3086.81298828125,0.1382456570863723,0.1299580037593841,3.45,2.5,5.3,86.4,1.6089,1.6456,1.7954,1.9268,2.0043,2.0817,2.1669,2.2521,2.2656,2.279,2.2925,2.4098,2.4802,2.5552,1.44,44.277,15.0,39218.0,106.58,49.5,21430.51614646,100.3,9704.55,242.6,5.0,7.0,726.997562497122,1.8675,1.8,1000.0,0.22,-0.99,98.6,0.35227811465147224,0.6469
2024-06-30,17.794783039552,0.234836828893051,84.381,-6.945,4.33,98.92989,98.99926,98.43154,2967.403076171875,0.1376045793294906,0.1283379942178726,3.45,2.5,4.7,86.2,1.4415,1.5415,1.6356,1.7978,1.8861,1.9744,2.0374,2.1004,2.1346,2.1689,2.2031,2.3114,2.3608,2.4267,1.44,44.277,14.6,39218.0,107.4575,49.5,21835.29485996,100.2,11896.48,286.2,5.0,7.0,726.997562497122,2.1664,1.8,500.0,1.05,2.33,99.2,0.3522700234028901,0.6616
2024-07-31,17.794783039552,0.234836828893051,84.381,-6.945,4.33,98.92989,98.99926,98.43154,2938.7490234375,0.1379177123308181,0.127470001578331,3.35,2.3,4.7,86.0,1.49,1.42,1.5249,1.706,1.7776,1.8491,1.9203,1.9915,2.0435,2.0955,2.1475,2.2504,2.3266,2.382,1.44,44.277,14.6,39218.0,108.088,49.4,21368.75909098,100.5,8348.59,246.8,5.2,7.0,726.997562497122,1.7999,1.7,2516.7,-0.56,-3.43,99.2,0.35226366685297017,0.7275
2024-08-31,17.794783039552,0.234836828893051,84.381,-6.945,4.33,98.92989,98.99926,98.43154,2842.214111328125,0.1409343928098678,0.1274230033159256,3.35,2.3,4.7,85.8,1.5025,1.4887,1.5225,1.665,1.7598,1.8546,1.9688,2.083,2.1121,2.1411,2.1702,2.2552,2.3427,2.365,1.44,44.277,14.6,39218.0,107.7911,49.1,21984.88649309,100.6,8406.1302,247.2,5.3,7.0,726.997562497122,1.6997,1.7,301.0,0.57,-0.2,98.2,0.35225889610414546,0.6815
2024-09-30,17.794783039552,0.234836828893051,84.381,-6.945,4.33,98.92989,98.99926,98.43154,3336.4970703125,0.1426472514867782,0.1276610046625137,3.35,2.0,4.6,85.7,1.4318,1.4325,1.52,1.55,1.68,1.81,1.95,2.09,2.11,2.13,2.15,2.2406,2.2887,2.385,1.41,44.277,14.6,39218.0,107.4932,49.8,21635.64525301,100.4,9396.7298,275.5,5.1,6.5,726.997562497122,1.5552,1.5,2121.0,1.45,0.55,97.2,0.35225547806855206,0.7174999999999998
2024-10-31,17.794783039552,0.234836828893051,84.381,-6.945,4.33,98.92989,98.99926,98.43154,3279.823974609375,0.1405520886182785,0.129390999674797,3.1,2.0,4.6,86.9,1.4359,1.4265,1.4481,1.5865,1.6905,1.7945,1.9081,2.0216,2.0626,2.1037,2.1447,2.2593,2.3475,2.335,1.41,44.277,14.6,39218.0,107.4285,50.1,21887.15617726,100.3,7628.57,262.0,5.0,6.5,726.997562497122,1.7044,1.5,3276.0,0.07,-0.05,97.1,0.3522531431686912,0.7181999999999997
2024-11-30,17.794783039552,0.234836828893051,84.381,-6.945,4.33,98.92989,98.99926,98.43154,3326.4560546875,0.1380662471055984,0.1304689943790435,3.1,2.0,4.6,86.2,1.3747,1.3727,1.3831,1.4143,1.5368,1.6592,1.7678,1.8764,1.9244,1.9724,2.0204,2.1336,2.2374,2.205,1.41,44.277,14.6,39218.0,108.2315,50.3,22197.6985391,100.2,7325.2483,276.8,5.0,6.5,726.997562497122,1.6422,1.5,4790.0,0.73,2.04,97.5,0.35225161950658374,0.6476999999999999
2024-12-31,17.794783039552,0.234836828893051,84.381,-6.945,4.33,98.92989,98.99926,98.43154,3351.762939453125,0.1370219588279724,0.131642997264862,3.1,2.0,5.4,86.4,0.9468,1.0934,1.1357,1.1865,1.3027,1.4188,1.5038,1.5887,1.6184,1.6481,1.6778,1.871,1.9792,1.9126,1.41,44.277,14.6,41314.0,109.9247,50.1,24099.35996537,100.1,6646.1117,302.7,5.1,6.5,732.4307505,1.9812,1.5,1577.0,0.5,3.41,97.7,0.352250656202247,0.5844
2025-01-31,17.794783039552,0.234836828893051,84.381,-6.945,4.33,98.92989,98.99926,98.43154,3250.60107421875,0.1392583101987838,0.1339219957590103,3.1,2.0,5.4,86.4,1.3341,1.2806,1.2704,1.3082,1.3574,1.4065,1.4775,1.5485,1.5752,1.602,1.6287,1.7885,1.9221,1.8675,1.41,44.277,14.6,41314.0,110.3022,49.1,24099.35996537,100.5,6646.1117,302.7,5.2,6.5,732.4307505,1.8629,1.5,1230.0,1.59,1.02,97.7,0.35225003862254467,0.3481000000000001
2025-02-28,17.794783039552,0.234836828893051,84.381,-6.945,4.33,98.92989,98.99926,98.43154,3320.89697265625,0.1372627168893814,0.1319950073957443,3.1,2.0,5.4,86.4,1.5744,1.4674,1.4391,1.5204,1.5632,1.606,1.6517,1.6974,1.7058,1.7142,1.7226,1.8736,2.0284,1.905,1.41,44.277,14.6,41314.0,108.9639,50.2,24099.35996537,100.5,6646.1117,302.7,5.2,6.5,732.4307505,2.1262,1.5,2845.0,1.59,1.02,97.7,0.3522495980094277,0.25519999999999987
2025-03-31,17.794783039552,0.234836828893051,84.381,-6.945,4.33,98.92989,98.99926,98.43154,3326.2333984375,0.1373532116413116,0.1310199946165084,3.1,2.0,5.4,86.4,1.6,1.4697,1.4445,1.5366,1.5659,1.5952,1.652,1.7088,1.7203,1.7318,1.7433,1.8873,2.0384,1.9325,1.41,44.277,14.6,41314.0,108.9062,50.2,24099.35996537,100.5,6646.1117,302.7,5.2,6.5,732.4307505,1.7867,1.5,1850.0,1.59,1.02,97.7,0.3522492176532173,0.27360000000000007
